# .PCD v0.7 - Point Cloud Data file format
VERSION 0.7
FIELDS x y z intensity
SIZE 4 4 4 4
TYPE F F F F
COUNT 1 1 1 1
WIDTH 3221
HEIGHT 1
VIEWPOINT 0 0 0 1 0 0 0
POINTS 3221
DATA ascii
0.41827741 -1.5239993 -0.50270319 484
-1.4156501 -1.454766 -0.51326805 41
0.034859803 -1.3995306 -0.54684609 85
-1.3807305 -1.0573715 -0.47522756 152
-1.3964629 0.48625422 -0.48578188 129
-2.0571744 1.9384533 -0.51145977 120
-2.2071683 2.0755577 -0.48493105 103
0.52556956 2.1582649 -0.54912233 302
-0.62181509 2.2931759 -0.51934153 126
0.33183303 2.3456416 -0.53238881 32
0.52768606 2.4238219 -0.56026942 293
-1.282563 2.51372 -0.52527869 69
-1.0638227 2.6183748 -0.52990377 76
-0.6671192 2.7421079 -0.53568316 240
-1.7400668 -1.5819055 -0.40626353 328
0.44767168 -1.5106801 -0.43553552 284
-3.6798544 -1.4354898 -0.40386432 258
-2.0835977 -1.4733089 -0.43978196 127
-1.2199557 -1.167698 -0.46226633 136
-5.0490232 0.48520872 -0.3847267 9
-3.4472075 0.45831004 -0.43546492 35
-1.2875922 0.65338206 -0.4764111 93
-4.1255889 0.80078363 -0.43968135 12
-3.2804606 0.8540507 -0.42779577 63
-2.3130364 0.97926319 -0.44257617 163
-2.2673695 0.98895794 -0.38431495 753
-4.841619 1.0124038 -0.37924466 7
-2.6417344 2.098681 -0.44174597 168
-2.1780918 2.1097343 -0.40072495 421
-0.70506412 2.3711684 -0.41497558 42
-0.18323848 2.3168464 -0.44597545 50
0.25334615 2.3968811 -0.46923321 36
-0.49708647 2.5744374 -0.44413251 1228
-0.74855936 2.7958872 -0.40601376 903
-0.3348529 2.8502357 -0.48980665 413
-1.8051846 2.9851503 -0.47487795 76
-1.9087027 3.7404673 -0.48756656 70
-2.7965262 4.1572189 -0.43166125 144
-1.7064449 -1.5960515 -0.35501203 864
0.44522798 -1.5372295 -0.37697229 460
-3.687536 -1.4297382 -0.29311898 206
-1.9255065 -1.3631051 -0.32392037 391.5
0.61998039 -0.68746471 -0.38501319 59
-3.2761295 -0.45952973 -0.33900616 27
-4.8128915 -0.25442433 -0.26052493 49
0.54736739 0.74872375 -0.39379993 51
-2.5471077 0.9734875 -0.34628677 364
-2.486861 0.9788937 -0.28299358 1089
0.52852929 1.157144 -0.38065049 13
-2.4357264 1.2161664 -0.34864274 264
0.52385104 1.3366445 -0.39797258 147
0.51556909 1.5986551 -0.37956992 263
-2.4372635 1.9776391 -0.34446463 576
0.48927912 1.9086238 -0.34513837 93
-0.24432844 2.3889964 -0.34208262 683
-1.0155537 2.5113585 -0.37458304 36
0.4713729 2.8130219 -0.35723239 83
-1.7857038 3.8667963 -0.37691808 371
-1.6746 -1.5975149 -0.17327635 845
0.45905161 -1.533435 -0.25919327 501.33334
-3.672765 -1.4320226 -0.2098451 261
-1.9249443 -1.3590897 -0.1747683 443
-1.7777838 -1.3641282 -0.22916658 492
-2.152715 -1.1412349 -0.21438447 33
-3.2962143 -0.5368427 -0.24817362 80
-2.4997294 0.95734054 -0.20806572 140
-0.006321026 2.2757092 -0.21502653 11
0.013878874 2.296253 -0.28184453 11
-0.24822114 2.3691373 -0.28862199 1473
-0.5928334 2.760088 -0.25857058 460
0.53966266 2.9620264 -0.26110145 360.5
0.34631455 3.2660091 -0.24774015 468
0.31521064 3.2995245 -0.31891108 293
-2.0079353 3.8272753 -0.28868222 159
-0.54691482 -1.6512954 -0.11955892 636
-0.34082451 -1.6437025 -0.10016568 11
-0.25019968 -1.6192722 -0.13272384 9
-1.6958469 -1.5879673 -0.12555347 1022
0.45275271 -1.5234355 -0.1427803 738.33331
-3.6734788 -1.4206432 -0.10229564 185
-1.770276 -1.3585021 -0.11940032 492
-2.1226888 -1.1459385 -0.12799323 55
-4.3780522 -0.49007475 -0.11668984 94
-2.5027215 1.0335141 -0.081238568 833
-2.5002425 1.0941091 -0.15669303 845
0.53151464 1.7116538 -0.13886562 565
-2.4221609 2.0327995 -0.10672116 602
-0.026223129 2.2773511 -0.1674595 46
-0.9285875 2.3703427 -0.17354159 39
-0.63064802 2.4629619 -0.17809373 39
-0.39319238 2.559 -0.18524538 773
0.31924236 3.2886751 -0.15868425 271
-0.48794749 -1.7124513 -0.018604621 8
-0.54867065 -1.660804 -0.054662321 434
-0.22454305 -1.6518118 -0.055934701 6
-1.6659508 -1.5935479 -0.037648283 884
0.46685588 -1.5404799 -0.064047255 416
-3.6452656 -1.473109 -0.017614752 147
0.45878726 -1.4862423 -0.028878918 190
-4.1961784 -1.3456439 -0.01989153 134
-1.9349222 -1.3518467 -0.036637787 406
-1.6692861 -1.3710837 -0.05730341 716
-2.119962 -1.1397169 -0.03660417 62
-4.4614677 -0.45541281 -0.022496752 17
-2.4917097 0.96656823 -0.022307565 23
-2.4099526 2.1135433 -0.040319096 435
-0.97099024 2.3970249 -0.050095014 49
-0.32176688 2.5155265 -0.059016638 565
-0.54252702 -1.673413 0.069486983 275
-0.15474282 -1.6736681 0.023145329 11
-1.6541647 -1.5943742 0.048543923 840
0.45111325 -1.5234064 0.049467176 497.66666
-3.863791 -1.3832626 0.091884837 92
-1.9388099 -1.312699 0.051391982 283
-2.1521549 -1.1673473 0.054414093 30
-4.3998561 -0.48860911 0.096986301 75
-2.4935169 1.019902 0.078272909 847.5
-2.4182107 2.0551529 0.080015771 562.5
-0.74215484 2.2948973 0.015181003 127
-0.67945844 2.3172276 0.066294596 52
-0.99422669 2.4433568 0.019590937 27
-0.46084252 2.563854 0.011081772 582
-0.38961843 2.5755534 0.066254795 548
0.49962202 2.5942924 -0.0025360137 405
0.33950487 3.2854064 0.036408171 317.5
-3.6209743 -1.6707315 0.17565438 7
-2.3189857 -1.6117268 0.19692379 617
-0.54065943 -1.6648382 0.17423172 305.5
-0.0508825 -1.6473452 0.17899026 10
0.45545694 -1.5188351 0.16262591 488.33334
-3.8450296 -1.3875382 0.18021116 62
-4.5174084 -0.45623085 0.19787268 11
-2.4926457 0.98190284 0.17722264 500
-0.2547693 2.2622275 0.1667362 249
0.2509492 2.3003013 0.16218419 120
-0.9240402 2.3852725 0.19763479 20
0.017113544 2.3480251 0.11547684 20
-0.6004802 2.6130962 0.14132732 347
-0.37023824 2.6274638 0.13641238 531
-1.9659102 2.9101291 0.20528156 196
-2.3187611 -1.6086171 0.33412266 537
-0.55644321 -1.6436834 0.25750619 527.5
-0.15206058 -1.6027145 0.29259157 8
-0.094902143 -1.6544689 0.21817572 12
-2.3157084 -1.5982382 0.25939721 472
0.45900589 -1.5182786 0.2602095 357.5
-3.6385911 -1.4803966 0.2762785 234
-1.3444769 -1.4200108 0.27304173 666
-4.3724899 -0.51041424 0.30775398 93
-2.4879725 0.98728007 0.27209568 309
-2.3743291 2.200428 0.2724711 84
0.12950107 2.2266343 0.21588586 904
-0.038165726 2.4557667 0.24060726 784
-0.66870385 2.5047174 0.26367694 834
-1.9987835 2.6890008 0.27323857 51
-0.6516555 2.7279382 0.21109065 858
-1.8736975 3.2537348 0.29987827 6
-1.9686207 3.5853486 0.23366944 14
-2.3294849 -1.6041634 0.39958405 368
-0.55511713 -1.6444433 0.36545819 537.66669
0.112519 -1.6071428 0.36997834 262
0.45510852 -1.524647 0.34029412 561.5
-3.6327775 -1.4616038 0.36355779 83
-1.3568227 -1.4373435 0.37613028 476.66666
-2.4913592 0.99640781 0.36904615 287
-2.4040012 2.0253615 0.42071918 465
0.15692548 2.1998653 0.32070667 57
-0.71917373 2.3746896 0.30995148 1233
-2.4837604 2.4669783 0.38492736 422
-0.7679168 2.4052701 0.38224357 960
-0.029198008 2.4346604 0.29370469 733
-2.3051164 -1.599167 0.47025058 544
-0.5463438 -1.6559043 0.47874573 322.5
-0.018020689 -1.6048479 0.4125503 7
-2.3453755 -1.5694149 0.54026347 19
0.46071655 -1.5223454 0.44212493 460.66666
-1.347378 -1.4331611 0.472431 651
-5.9099631 -0.29816249 0.54607391 116
-2.4958191 0.98954535 0.44002858 194
-2.4530625 1.1291298 0.5050686 538
-2.3726082 2.1928573 0.51555389 369
0.034639154 2.4015932 0.40818059 443
-0.83349735 2.4426081 0.45256394 725
0.026636805 2.441859 0.47836879 1004
-2.2500138 3.2018747 0.51007074 26
-2.2749362 3.207247 0.42288417 234
-2.0131571 3.3669086 0.50692791 84
-2.0124967 3.5250099 0.43059623 146
-2.3056369 -1.5989692 0.61021894 562
-0.57593238 -1.632609 0.59086919 959
0.11234593 -1.6098216 0.5845139 40
-0.35901111 -1.5462518 0.5386216 21
0.46981022 -1.5027027 0.56379712 275
-1.3227868 -1.4394847 0.57171029 605
-2.4722431 0.9826678 0.5683713 153
-2.3738544 2.1895833 0.5919928 653
-0.87496239 2.5337639 0.5399217 128
-0.66562229 2.6438727 0.54552871 303
-3.060976 -1.709982 0.6732533 11
-0.53277069 -1.6567192 0.66616493 299.5
0.11398107 -1.6124508 0.65383148 134
-2.3284497 -1.5724738 0.68085611 43
-1.5768455 -1.5901999 0.65638185 967
0.46361476 -1.5101826 0.63255513 562
-1.3818095 -1.4585284 0.69592792 287
0.46531779 -1.493214 0.69443285 434
-5.8870049 -0.31584135 0.69945592 135
-2.4319141 0.96912014 0.69318444 63
-2.4565027 1.0839264 0.63900983 597
-2.3679187 2.193038 0.67564297 576
-0.84818906 2.5612626 0.60934389 96
-0.86033016 2.603812 0.69155276 58
-0.6309793 2.6481183 0.61112386 395
0.51705164 2.6129761 0.615592 519.5
-0.75199956 4.2704296 0.65044206 19
-2.3024795 -1.5962352 0.75306314 586
-0.54444665 -1.6519841 0.7654388 705.5
0.19263735 -1.6125948 0.7506538 815.5
-2.3028009 -1.5903679 0.82499593 513
-1.4086863 -1.496492 0.76888978 503
0.47644705 -1.5172893 0.75227964 445
0.45011589 -1.1310149 0.77166831 93
-3.9482627 -0.70637655 0.77043897 16
-2.4538617 1.1269104 0.78365147 547
-2.3765028 2.2042804 0.75872111 712
-0.71509498 2.6055276 0.74860913 323
0.52350658 2.612432 0.71895963 455
-0.52732295 -1.6437168 0.86384761 374
0.12582667 -1.6125934 0.84844881 509.5
-2.2902603 -1.5866454 0.89618731 543
0.46975037 -1.5163521 0.8771165 901.5
-2.3613281 2.1915314 0.83924711 712
0.52225375 2.6183887 0.79129541 517
-0.53378576 -1.6376748 0.97266495 793
0.12987849 -1.6252494 0.96251655 557.5
-2.3334408 -1.5826929 0.98381966 53
-1.0878092 -1.5274031 0.97749263 85
0.48214975 -1.5250144 0.96111786 765
0.44999737 -0.82668 0.90354443 227
-2.4487262 1.1233664 1.00176 490
-2.3552923 2.1941237 0.96491873 609
-0.5291422 -1.656262 1.066915 620
0.13167077 -1.6150188 1.0696769 658
-2.322634 -1.5876426 1.0999311 233
-1.0927532 -1.5346099 1.039472 69
-1.0840306 -1.5293078 1.1010399 82
0.4726975 -1.5139475 1.039112 935
-2.3020391 2.1875527 1.079951 40
0.40079659 3.278868 1.0732765 254
-3.0188453 -1.6861132 1.2095715 12
-0.60530841 -1.6333033 1.1372576 1046
-0.5638079 -1.6286536 1.180881 1019
0.13615265 -1.6034539 1.1560848 931
-2.3390458 -1.5782832 1.2241782 21
0.47333708 -1.4979634 1.1201931 609
-14.477126 3.4290955 1.3477931 6
-0.78818667 5.7384367 1.1553488 44
-0.58771592 -1.6241252 1.2574555 831
0.14450139 -1.6134213 1.2568357 943
-2.3124039 -1.5695301 1.2974869 81
0.45768887 -1.509272 1.2518451 1222
-2.3459923 2.246145 1.2875124 13
0.4144592 3.2896864 1.2621272 273
0.37678581 3.3555393 1.1904132 111
-3.0315931 -1.6575779 1.4046955 11
-0.52808189 -1.6391716 1.3524961 532.5
0.14438379 -1.6256936 1.3648001 736
-2.2826946 -1.5817581 1.3712865 341
-2.1681299 -1.5803738 1.4115627 370
-1.0872473 -1.5241499 1.3725636 54
-2.3895082 1.2143629 1.3949617 13
-2.3325329 1.915887 1.3757958 54
-2.2999864 2.201591 1.3514974 9
-0.39170715 -1.6570483 1.4377449 169
-1.0929054 -1.5125332 1.5212401 38
0.32679588 -1.5089529 1.4258242 19
0.47024086 -1.5237551 1.4696407 739
0.47115773 -1.4587375 1.4970249 368
-4.1322932 -1.3881061 1.5280223 37
-3.0061624 -1.6796576 1.6026279 9
-1.0816101 -1.5282568 1.5964754 52
-14.415564 3.3592327 1.7323545 7
0.42011386 3.3128791 1.5610558 426
0.37034884 3.6665306 1.508087 368
-0.39928168 5.6255817 1.5530416 9
-0.51288676 5.9241743 1.4856453 27
-3.0327258 -1.6363947 1.7061219 12
-2.6806204 -1.5772514 1.7354701 13
-1.0862558 -1.5022403 1.6767536 36
-0.94231242 -1.5275692 1.694841 41
0.42363578 3.2943711 1.6587199 319
0.36460671 3.6728699 1.621121 281
-2.9532809 -1.5885119 1.7695472 7
-2.5242679 -1.5732762 1.765588 10
-2.3283517 -1.5727108 1.7552893 23
-2.2365396 -1.5584069 1.8083646 203
-0.79776973 -1.5386611 1.7325583 27
-0.61839229 5.6213756 1.7120264 8
-1.0476135 -1.563538 1.8877225 22
-14.386368 3.432585 2.0708818 12
-6.6825886 8.0003977 1.9020168 13
-5.343214 -0.60455829 2.0345042 14
0.42326063 3.3108747 1.8842887 98
-5.102634 -0.53708208 2.0889773 11
-4.8968458 -0.55114287 2.1461234 40
0.42590415 3.312597 1.9883916 176
-0.47036177 -2.9721599 2.1946042 16
-4.3705964 -0.7379781 2.1974235 18
-4.7605176 -0.5437867 2.2329626 12
0.46129087 3.2970943 2.1075382 103
-0.31282306 -5.0085788 2.2878284 9
-0.71094769 -3.0219357 2.2692873 11
-3.7857423 -1.0566812 2.3393707 10
-2.9846849 -1.0224378 2.338984 16
-2.6217594 -0.98874164 2.3070219 17
-14.554365 -0.95654035 2.4593251 9
-4.2032018 -0.89018011 2.2708426 10
-3.3116267 -0.92924392 2.2883632 14
-3.1535504 -0.96377659 2.3031161 24
-4.0441222 -0.81062245 2.3064296 15
-3.8448029 -0.77101868 2.3331497 6
-3.0510573 -0.69693327 2.319391 15
-2.7565191 -0.66397208 2.3341625 15
-2.3488057 -0.62372506 2.318197 23
-4.3535461 -0.53426009 2.3171318 8
-14.431595 3.3720562 2.4694774 8
-3.4530087 -1.5968764 2.3846076 134
-3.3022747 -1.5830247 2.4376481 47
-2.2589123 -1.1156977 2.4043248 24
-2.8469422 -1.0675181 2.3607359 22
-2.5163624 -1.0525316 2.3487289 18
-2.3916564 -1.0554888 2.3863771 10
-3.7897801 -0.66238886 2.4103804 17
-3.5482695 -0.67041636 2.4024534 10
-3.3791738 -0.6324262 2.4008613 21
-2.9989133 -0.63845253 2.3799219 12
-2.500407 -0.63229358 2.3536251 10
-4.3396349 -0.48469329 2.4411082 8
-0.42839909 6.9722462 2.2998452 14
-6.4011102 8.0030422 2.3896842 16
-3.2959986 -1.5737126 2.5529416 65
-2.164078 -1.064414 2.4398713 9
-2.8656576 -0.53586417 2.5108011 13
-4.2687082 -0.47642517 2.5555215 11
0.21601123 2.5199726 2.4504907 22
0.074390016 2.6489565 2.4256942 51
0.07552214 2.7795794 2.4342945 49
0.061275333 2.9183941 2.4102385 30
0.13203607 3.0470598 2.4057529 269
0.066388108 3.3277595 2.4760189 20
0.14266615 3.4148486 2.4244573 54
0.02869687 4.7704902 2.3986011 71
-0.012484025 5.1296501 2.4162719 21
-0.20747736 6.2514129 2.4063687 14
-0.74382246 6.8099766 2.4497221 16
-14.492308 -0.77228528 2.7934737 5
-3.1227648 7.5603294 2.5183127 10
-3.2577696 -1.5645401 2.6819446 38
-13.11749 -0.69237447 2.8736875 17
0.4206349 3.1974103 2.6569684 35
-5.1780925 7.700624 2.6391413 7
-6.8868313 7.9746785 2.7435431 9
-14.423881 3.3820844 3.21262 7
-14.273749 -1.5233245 3.5028028 6
-14.407561 3.2210863 3.5710516 6
-3.8950562 8.0664196 3.5155661 9
-2.1637533 8.106163 3.5001793 6
-14.290138 -1.4544041 3.8889675 10
-2.1378376 8.1839924 3.7835214 8
-4.7330794 8.1766853 3.9876111 15
-14.331939 -2.2146084 4.308979 5
-2.2336612 8.2015228 4.0534487 8
-2.2519119 8.1640005 4.3124123 5
-6.0708141 8.1170082 4.6076646 10
-5.3734441 8.1112661 4.6996784 7
-3.8853834 8.2343493 4.6674862 7
-0.73692828 6.3971896 4.8296142 7
-5.1156497 2.0850449 5.0291557 9
-4.8460536 2.1141353 5.0313835 9
-1.8731372 5.0136833 4.9827218 18
-1.9688398 6.9803677 4.9113564 5
-5.1966105 8.1104975 4.9624429 7
-4.3356261 8.0931597 4.9960508 5
-5.5272684 2.0877531 5.0760803 8
-1.8506298 5.3549137 5.0394154 8
-1.7229602 8.132452 5.0293174 7
-2.4970517 1.0793818 -0.90404886 11.666667
-2.4087312 1.9426308 -0.8751483 12
-3.6665509 -1.4295632 -0.59650725 90
-1.6549796 -1.454432 -0.60501361 37.5
-0.58908898 -1.5105814 -0.71845877 35
-1.6420671 -1.3734088 -0.58731705 35.5
-0.11355914 3.7000253 -0.63794339 36
-1.8961903 3.8258896 -0.7081781 24
-1.3132528 -6.2268205 -0.51809955 12
-1.1930444 -6.2214127 -0.51724231 7
-1.8843166 -6.1799502 -0.4511233 15
-1.7417703 -6.1489563 -0.44788906 11.5
-1.551695 -6.1172643 -0.4441542 13.25
-1.3075694 -6.1990108 -0.5158183 7
-3.4992349 -1.6442347 -0.39541966 36
-3.3159144 -1.6586521 -0.37918231 18.5
-2.8745296 -1.6342003 -0.4082725 175
-2.6866412 -1.6150962 -0.3870697 38
-2.407202 -1.6130439 -0.35792944 53
-2.3579443 -1.6082543 -0.43259439 211
-1.6821233 -1.6057984 -0.40205327 332.33334
-1.6000015 -1.6043744 -0.39192712 357
-1.054142 -1.6489443 -0.41919601 318.75
-0.90854692 -1.6595132 -0.43143582 139.05556
-0.69820535 -1.6607199 -0.43453237 164.4375
-0.49756131 -1.6420039 -0.4365159 110.07407
-0.33268791 -1.647041 -0.4295879 131.83333
-0.10099708 -1.6259255 -0.46416682 198.09999
0.072434172 -1.6265637 -0.4666473 301.86667
0.240707 -1.6244625 -0.45055732 314.29999
-3.653162 -1.4992019 -0.44540977 181
-3.5763593 -1.5450654 -0.43955833 83
-2.9300637 -1.503219 -0.40641218 70.833336
-2.4543433 -1.5456057 -0.39879051 71.900002
-2.2655351 -1.4461039 -0.40680826 29
-2.105037 -1.4311202 -0.43849382 150
-1.685436 -1.4789628 -0.42006701 585.25
-1.4967446 -1.547171 -0.42864212 313.03809
-1.3302093 -1.5260617 -0.45803818 229.5
-1.1307645 -1.5496963 -0.43478945 211.09999
-0.92755181 -1.5236987 -0.47242609 171.675
-0.68279159 -1.4922595 -0.47913343 161.34546
-0.54932672 -1.5478225 -0.48146722 147.66666
-0.30429298 -1.5017186 -0.49252716 128.1909
-0.0870924 -1.4943515 -0.50482029 137.57576
0.079099491 -1.5115139 -0.5133068 150.05455
0.31052166 -1.5200416 -0.46729755 150.92728
0.42174527 -1.4775391 -0.46438828 257.47916
-4.7362075 -1.2628288 -0.43313375 25.333332
-4.5455227 -1.388176 -0.35291076 42
-4.3060174 -1.3240196 -0.4612183 28
-4.0562034 -1.3570505 -0.43764743 19
-3.9144924 -1.3093618 -0.422272 21.5
-3.7611442 -1.3878803 -0.40996695 43
-3.0387852 -1.3310313 -0.40910101 93
-2.9976485 -1.3791794 -0.40693054 96
-2.5643828 -1.3226367 -0.43651477 80.5
-2.2306545 -1.2340521 -0.43848607 127.66666
-2.1610291 -1.3376473 -0.43751299 150.2
-1.8633628 -1.3452481 -0.42922944 349.875
-1.7165917 -1.3467116 -0.43257487 528.20001
-1.5112216 -1.3006947 -0.47199893 199.02499
-1.2763866 -1.2968 -0.47844285 160.66666
-1.1111382 -1.3124951 -0.47498071 176.18182
-0.91932869 -1.2984676 -0.48021176 146.41026
-0.68812704 -1.2910979 -0.4842867 123.14445
-0.49848589 -1.2851624 -0.49367398 91.799995
-0.33347225 -1.3151084 -0.48758131 81.497864
-0.095847078 -1.2852663 -0.52203488 69.425995
0.071538083 -1.2829726 -0.52229291 81.836807
0.2648845 -1.2793299 -0.51796496 119.82265
0.43729913 -1.2934115 -0.46659094 126.37
-4.6625109 -1.0915267 -0.42278841 28.166666
-3.8697896 -1.0874054 -0.41132492 18.666666
-3.1420596 -1.1091001 -0.41095939 84
-2.6483297 -1.0807893 -0.43239576 85.25
-2.5964286 -1.182133 -0.43125695 92
-2.2981968 -1.0935372 -0.43761125 137.71428
-2.014019 -1.0697502 -0.4584927 165.5
-1.9684478 -1.1720773 -0.46089199 164.25
-1.7406398 -1.1089756 -0.45844901 144.33333
-1.5291741 -1.0964228 -0.47371104 200.89999
-1.3172128 -1.1024528 -0.47037289 138.14285
-1.0783629 -1.0631869 -0.47685513 145.2
-0.89288306 -1.0863577 -0.48115861 121.5119
-0.70895129 -1.0986372 -0.48471111 105.21667
-0.49023366 -1.0903114 -0.4928835 66.892059
-0.28725082 -1.081668 -0.49790916 52.966663
-0.11754126 -1.1238582 -0.5056842 52.777882
0.11377572 -1.1063144 -0.51604569 57.112499
0.29539281 -1.0993673 -0.51720828 85.967262
0.43552986 -1.0814492 -0.46295995 91.346664
-4.6506329 -0.99417627 -0.3538219 24
-4.4904017 -0.90246516 -0.34080881 12
-3.9169996 -0.89615136 -0.41153398 20.5
-3.2350879 -0.88121039 -0.41373616 58.5
-3.2050724 -0.9791562 -0.41335475 64
-2.7420881 -0.89969224 -0.4363603 83.333336
-2.4177885 -0.83914727 -0.4398562 68.5
-2.3733187 -0.91565448 -0.43722367 132
-2.0762777 -0.91439718 -0.45600948 173.875
-1.850861 -0.89678061 -0.45621297 189.875
-1.7222244 -0.94782907 -0.46357042 176.875
-1.5273867 -0.94249588 -0.46960828 187.55
-1.3476862 -0.92914844 -0.47099584 121.30769
-1.1294771 -0.91116083 -0.47526881 157.66347
-0.88770586 -0.89511585 -0.48211163 120.85416
-0.67449212 -0.87644982 -0.48663852 71.265274
-0.51260704 -0.90927821 -0.48881087 62.717781
-0.30988607 -0.90222812 -0.49256298 46.785088
-0.10792618 -0.9195174 -0.49526387 43.176472
0.09339045 -0.93255609 -0.50531632 46.5625
0.31835002 -0.92886609 -0.51916897 69.489395
0.46078086 -0.87572604 -0.46535262 86.007782
0.61776334 -0.81759143 -0.4559038 124.55417
-3.9483063 -0.7265805 -0.41159707 18.25
-3.2497985 -0.695342 -0.41043234 74.400002
-2.8348663 -0.68605864 -0.44134629 89.599998
-2.7939239 -0.7858513 -0.43889681 93
-2.4644415 -0.70566434 -0.44078568 91.5
-2.2132752 -0.62232661 -0.46210086 187
-2.1385429 -0.71590692 -0.45319411 204.14285
-1.9337524 -0.6997056 -0.45609459 177.55556
-1.7151775 -0.70434988 -0.4656972 207.10001
-1.495699 -0.67415357 -0.47123155 199.03787
-1.343161 -0.727768 -0.4791401 122.94286
-1.0796384 -0.66739881 -0.48406246 126.99268
-0.90467805 -0.70575422 -0.4840872 82.383926
-0.69928497 -0.69556874 -0.48711175 57.068096
-0.5321523 -0.75476187 -0.48711002 50.277782
-0.37467462 -0.7918998 -0.48887429 52
0.35516855 -0.78239495 -0.52871501 65.428574
0.52267808 -0.735587 -0.54074788 91.32756
0.63237298 -0.70944375 -0.47942889 91.899178
-5.7559218 -0.54390663 -0.43286285 22.5
-4.6720085 -0.52804327 -0.35120413 8
-4.0333095 -0.46430042 -0.41716614 21.333334
-3.3002932 -0.49744582 -0.41278446 74.400002
-2.8866844 -0.49574593 -0.44374534 86.5
-2.491874 -0.50342828 -0.43752229 170.71428
-2.2281449 -0.5106886 -0.45976952 201.85715
-1.8982153 -0.45916095 -0.46056876 223
-1.7163466 -0.50535256 -0.46781626 237.50793
-1.4954411 -0.50309592 -0.47145429 206.18182
-1.3183247 -0.50831503 -0.48033261 139.99603
-1.0844977 -0.48093051 -0.4827148 96.6688
-0.89688975 -0.48540878 -0.48903912 66.21875
-0.76340818 -0.53324777 -0.4886314 61.150463
0.61926973 -0.59362549 -0.51625705 83.5
-4.9169874 -0.34324986 -0.36917889 17.5
-4.7469678 -0.24822445 -0.42281622 24
-4.0297194 -0.2895374 -0.41581348 27
-3.9990478 -0.36144689 -0.41291726 27
-3.3363369 -0.29536012 -0.41503283 72.199997
-2.9227552 -0.30155715 -0.4458366 95.800003
-2.5224791 -0.30332142 -0.43785858 197.33333
-2.2511544 -0.28846017 -0.45709631 246.85715
-2.1217434 -0.33905205 -0.4538987 221.57143
-1.9177951 -0.34142846 -0.45997345 231.16667
-1.6709362 -0.29865745 -0.46321434 190
-1.4872696 -0.29274163 -0.47544169 239.075
-1.3229513 -0.3085154 -0.47840154 77.82576
-1.1053997 -0.30155969 -0.48282272 94.376343
-0.90795028 -0.30669236 -0.48826972 82.863556
-0.79278284 -0.3895205 -0.48804343 79.333336
-3.3445787 -0.17254078 -0.41547224 77
-2.8903799 -0.17342567 -0.43977055 130
-2.5472884 -0.16513146 -0.44046125 172
-2.2425108 -0.14866182 -0.45303836 250.66667
-2.0755234 -0.14973828 -0.46280852 219
-1.8725631 -0.14657746 -0.47284696 296.39999
-1.7037858 -0.14564514 -0.4671635 218.33333
-1.517029 -0.13874127 -0.4783296 237
-1.3057047 -0.13518621 -0.48236182 125.27779
-1.1101359 -0.12683147 -0.48910722 98.340912
-0.92534339 -0.12430808 -0.48977417 82.333336
-2.2899866 0.18517619 -0.46518284 217
-2.0837224 0.18177198 -0.46713057 172
-1.9014715 0.16610891 -0.48241028 294.5
-1.7085258 0.15751015 -0.47048289 188.66667
-1.5127842 0.15348953 -0.47924775 196.85001
-1.3038689 0.14838088 -0.48394081 66.238098
-1.1086127 0.1376508 -0.49069223 88.167328
-0.92774224 0.13276161 -0.49326119 69.277626
-4.0867028 0.35847712 -0.42594081 20.5
-3.3678186 0.32254639 -0.42268664 65.333336
-2.9124196 0.30807492 -0.44777191 95.199997
-2.5745056 0.29168403 -0.44998103 142.5
-2.2709677 0.29601654 -0.46464831 180.28572
-2.0475047 0.30553001 -0.46340021 171.625
-1.859566 0.28945833 -0.47675428 240
-1.6947998 0.29321757 -0.47301427 191.89999
-1.4949425 0.29658735 -0.48180318 162.90909
-1.2741041 0.2981593 -0.48437145 49.195515
-1.0887445 0.28470743 -0.4961969 86.531929
-0.91613972 0.30876553 -0.49683741 61.871441
-0.80206102 0.37738991 -0.4952631 58
-4.9479852 0.52623469 -0.37777448 11.333333
-4.0278053 0.4782348 -0.42197877 21
-4.0005784 0.57465059 -0.42116538 19
-3.3606803 0.49925628 -0.42582968 56.5
-2.9167585 0.49051514 -0.45361876 67.800003
-2.5667372 0.48358908 -0.45514289 116.83334
-2.2386622 0.48946753 -0.46652946 127
-2.0329807 0.49763736 -0.47017583 153.28572
-1.9224939 0.54118872 -0.47728324 180.3125
-1.7213598 0.54004484 -0.47794446 172.75
-1.4587721 0.46634811 -0.48587978 152.125
-1.2849334 0.46841657 -0.48717678 127.1218
-1.0917047 0.48012811 -0.49131754 94.074486
-0.90311122 0.49479213 -0.50072473 61.000183
-0.75415862 0.5162639 -0.50307852 56.007248
-4.8914604 0.71388555 -0.37663987 7.3333335
-4.0833278 0.68952227 -0.43242007 22.333334
-3.3492663 0.69896156 -0.4304347 50.200001
-2.8989027 0.69083941 -0.45880029 71
-2.5483847 0.69380212 -0.46218389 88.14286
-2.2117398 0.66917461 -0.47214916 132
-2.2036922 0.72895133 -0.47484061 136
-1.9783837 0.69535285 -0.47310212 139
-1.6892072 0.6513738 -0.48088601 166.11111
-1.5075052 0.69439018 -0.4850854 185.75
-1.2993556 0.69846117 -0.49068895 168.08888
-1.0851885 0.67940849 -0.49694225 139.29443
-0.8948155 0.68696105 -0.50341165 80.275902
-0.71695977 0.7061618 -0.50706381 50.217236
-0.53282559 0.74748254 -0.51117879 52.618179
-0.39830476 0.79147792 -0.50569922 43
0.36360383 0.78585863 -0.5450018 68.166664
0.54410601 0.72658855 -0.50972342 77.249252
0.59474957 0.70201766 -0.46266741 109
-4.8808074 0.8964377 -0.37952051 11
-4.032661 0.83406693 -0.43118292 19
-3.9881117 0.9273662 -0.42957973 18
-3.3446748 0.92613393 -0.43864173 44.75
-2.8484321 0.88542145 -0.46106103 60
-2.753432 0.98668623 -0.45318532 92.5
-2.4813962 0.87574154 -0.46227175 51.799999
-2.321501 0.95536357 -0.41622737 448
-2.1556919 0.89333522 -0.47931486 133.625
-1.9267951 0.89664584 -0.4819299 122.88889
-1.6765289 0.89595991 -0.48828301 222.8
-1.4901 0.88993454 -0.48428518 158
-1.274151 0.8704136 -0.49498609 119.45833
-1.1042228 0.90269756 -0.49727336 150.35001
-0.92126828 0.91015965 -0.507146 116.93064
-0.70606071 0.88889742 -0.51119947 72.488884
-0.51753342 0.90120894 -0.51505238 54.634521
-0.33266464 0.91667479 -0.51647717 52.765522
-0.1313647 0.94015706 -0.5211392 46.333332
0.11941141 0.89189595 -0.52980822 49.795757
0.29550871 0.89624238 -0.54111177 60.504585
0.53302878 0.90429962 -0.50630873 95.795486
0.59748024 0.82800424 -0.48287696 78.5
-4.9248967 1.1404881 -0.3885822 16.5
-3.9566462 1.1073827 -0.43272504 15
-3.3258259 1.0866183 -0.4437128 36
-2.7275448 1.0731592 -0.45510501 84.333336
-2.3295524 1.0701489 -0.42642093 124.5
-2.0730052 1.0915866 -0.48368767 119.42857
-1.8359765 1.0730791 -0.48456141 118.2
-1.7843932 1.137605 -0.48316526 132
-1.4975961 1.0743799 -0.49589047 151.25
-1.2798109 1.0871667 -0.4969027 156.35001
-1.1070325 1.0948831 -0.50354981 161.47321
-0.92701638 1.1103028 -0.50862193 146.18182
-0.70699549 1.0905411 -0.51363218 109.4375
-0.52009726 1.1022735 -0.51628798 75.529869
-0.31840548 1.095454 -0.52182788 84.022224
-0.096549191 1.0712256 -0.52542216 45.374496
0.095814973 1.0757761 -0.53120697 50.098415
0.29224899 1.0900291 -0.54173636 79.694046
0.5209865 1.0849501 -0.51083124 129.85136
-4.9232583 1.2848758 -0.39236844 10
-3.9302075 1.3044683 -0.43803006 14.5
-3.3959692 1.2029122 -0.45785779 31
-2.7154682 1.3265315 -0.47206131 47
-2.5777493 1.3668815 -0.37475231 47
-2.3252187 1.2843789 -0.47164512 90.5
-2.0240166 1.2126385 -0.48861426 123
-1.9590814 1.3258182 -0.49170408 106.42857
-1.6793206 1.2932671 -0.48658001 130.77777
-1.4613323 1.2753934 -0.50411987 197.85715
-1.2952284 1.2996302 -0.49756533 121.75
-1.1084716 1.2883233 -0.5070501 176.875
-0.88951939 1.2897649 -0.51154721 128.88962
-0.68342674 1.2804182 -0.51551318 124.0641
-0.52080101 1.3019172 -0.51758945 128.03847
-0.28534824 1.2783071 -0.52595419 129.25
-0.12759627 1.3084927 -0.53075689 101.53175
0.11667974 1.3090327 -0.53466433 64.470085
0.2950663 1.2985741 -0.54454839 121.01154
0.53734529 1.2990998 -0.49848354 176.0929
-4.8419886 1.4226811 -0.39053804 8
-4.773315 1.5630841 -0.3901279 11
-3.8565602 1.4391356 -0.43687123 16.5
-2.6371546 1.4526657 -0.47199717 49.25
-2.5951531 1.5564523 -0.47573608 51.5
-2.2702315 1.4416931 -0.47952953 95
-2.1544983 1.5211312 -0.47182983 101.5
-1.8569368 1.4663625 -0.49407437 117.4
-1.7811288 1.5538673 -0.49511838 110
-1.5312264 1.4923563 -0.49449813 126.8
-1.2652477 1.4649498 -0.50711584 190.83333
-1.1126976 1.5036268 -0.51169342 172.98334
-0.90690565 1.5465677 -0.51399994 135.8
-0.72230059 1.4753487 -0.52348179 184.25
-0.49869537 1.4930229 -0.5215106 160.05
-0.34593734 1.5368643 -0.52457601 163.35001
-0.089569442 1.4643487 -0.53193599 123.22727
0.088104554 1.4728137 -0.53796953 102.95
0.27720276 1.460974 -0.54518467 121.62987
0.54155225 1.5058149 -0.50332659 270.4375
-4.7180934 1.7395579 -0.39241505 10
-3.0469999 1.6880049 -0.4489089 26.5
-2.9751947 1.7446278 -0.44545823 36.5
-2.5382733 1.6745273 -0.47978178 127.8
-2.0832283 1.6712594 -0.48012516 95.5
-1.9974554 1.7700092 -0.48148346 107.5
-1.6878827 1.6653932 -0.49892509 117.71429
-1.5050046 1.6886523 -0.50045937 96
-1.2952071 1.6996832 -0.49894968 112.8
-1.0714042 1.6435083 -0.51823181 194.16667
-0.90604335 1.7423774 -0.52209145 194.89999
-0.71286613 1.650895 -0.51919889 133.39999
-0.50373083 1.720427 -0.52121091 139.8
-0.29835886 1.6998065 -0.53023702 174.625
-0.13685165 1.7258089 -0.53471762 144.89999
0.090638451 1.6709095 -0.54726768 185.66667
0.28583303 1.654328 -0.55209994 197.10001
0.51201242 1.6600108 -0.50117177 264.61459
-2.9299207 1.916519 -0.45445862 32.5
-2.4893029 1.8705151 -0.49387175 46.599998
-2.3887575 1.9606923 -0.49184501 57.5
-2.0247059 1.9552639 -0.5097785 127
-1.9011993 1.9096392 -0.48874289 100.6
-1.5012676 1.8728813 -0.50924844 130.66667
-1.361282 1.9551425 -0.50785345 76
-1.0990456 1.8558819 -0.50756055 151.77777
-0.92758065 1.966144 -0.51478785 150.5
-0.71264833 1.8418298 -0.52850419 180.375
-0.51639682 1.9039401 -0.53134286 192
-0.26041913 1.8813819 -0.5351665 150.88889
-0.11651653 1.9058383 -0.54029334 161.375
0.05375487 1.9086123 -0.54318631 172.38889
0.31599331 1.9038503 -0.55272001 166.88889
0.51601899 1.9026995 -0.51562083 286.51392
-2.8339713 2.1136036 -0.461685 31.5
-2.5996089 2.1177175 -0.43953905 99
-2.2543273 2.0785651 -0.44778711 236
-1.8446811 2.0391667 -0.50059843 81.5
-1.7076466 2.1111753 -0.49665031 108.42857
-1.605135 2.1959205 -0.49937397 108
-1.2812355 2.0560875 -0.51856911 96.333336
-1.104795 2.157052 -0.52193421 133.71428
-0.91839147 2.0976756 -0.51803607 151.5
-0.71374571 2.0685091 -0.522089 141.125
-0.53806293 2.1394808 -0.52937764 138.5
-0.33399576 2.189852 -0.53490919 148
-0.095186204 2.0130019 -0.54994011 187.42857
0.11032904 2.0177386 -0.55454713 165.28572
0.29172105 2.0087883 -0.55982006 165.42857
0.52681845 2.1039236 -0.48455736 281.75
-2.6501455 2.2975078 -0.4614625 31
-2.2452939 2.2178278 -0.50642115 44
-2.1102426 2.2996154 -0.5031473 49.714287
-1.9891726 2.3930483 -0.50372362 47
-1.5263599 2.288775 -0.50706124 93.833336
-1.368413 2.3411396 -0.50217789 49.666668
-1.0279999 2.2856514 -0.46784765 100
-0.929057 2.3176258 -0.47731102 88.285713
-0.69903135 2.3490598 -0.47313544 66.699997
-0.4409523 2.2052484 -0.54143238 151
-0.27500275 2.2693563 -0.49745405 70.555557
-0.096887559 2.2716839 -0.49434173 112.9375
0.098723583 2.2918735 -0.50156629 128.92857
0.29666069 2.3013771 -0.5449388 104.71429
0.5068785 2.295527 -0.52285266 283
-2.6438072 2.4954722 -0.44100726 31
-2.5250256 2.5061462 -0.47142172 35
-1.9078606 2.5070832 -0.51217675 45.5
-1.3000516 2.4366491 -0.51328748 90.75
-1.0602326 2.4647245 -0.47464073 54
-0.9092294 2.5273166 -0.47758663 67.75
-0.62495929 2.487406 -0.56184322 132
-0.49629295 2.546767 -0.50065398 892.14447
-0.31907502 2.5103695 -0.52109981 474.73334
-0.10845083 2.4854414 -0.55283666 113.14286
0.090075307 2.4989481 -0.55864513 109.16666
0.28807554 2.4254959 -0.48371688 247.2
0.5026176 2.5202601 -0.54139167 222.625
-2.4851484 2.6881719 -0.48758787 27.5
-2.3313067 2.7492008 -0.48216656 40
-1.7240125 2.6481962 -0.51725864 45.5
-1.5780504 2.745012 -0.52092183 41.666668
-1.2230642 2.6248868 -0.47988227 59
-1.1745597 2.6036289 -0.47381541 62
-0.85677338 2.6391959 -0.49429977 59.833332
-0.70714092 2.7321737 -0.50512481 441.07501
-0.47779498 2.6511853 -0.45711681 488
-0.32159463 2.623266 -0.50614452 561.5
0.53982443 2.7086761 -0.51322758 146
-2.276696 2.8578205 -0.49050543 28.75
-2.1727078 2.9435208 -0.4931154 34
-1.8312409 2.9460344 -0.47151965 75
-1.5041798 2.8547816 -0.53281659 37.333332
-1.3448116 2.9346602 -0.535887 28.5
-1.0851456 2.972363 -0.52908707 40.666668
-0.712457 2.7980745 -0.4055706 994
-0.42205489 2.8641865 -0.4521125 189
-0.36769742 2.8293815 -0.48640049 592
0.36380813 2.9251771 -0.57581735 62.5
0.50139654 2.884356 -0.54289734 173.375
-3.2835152 3.0557053 -0.49781793 22
-3.0812278 3.1242986 -0.48960185 12.666667
-2.9376643 3.1673272 -0.48382208 9
-2.3943312 3.1916595 -0.45268843 8
-2.077209 3.0422554 -0.49862176 32.25
-1.982558 3.1037309 -0.50016922 34
0.52465487 3.1374669 -0.55646378 224
-3.3553386 3.2148316 -0.38569757 109
-2.8682935 3.3311372 -0.4947685 12
-1.8656172 3.2629192 -0.51338279 25.666666
-0.28395954 3.292877 -0.56639862 32.75
-0.16364542 3.3209651 -0.57163322 40
0.32303151 3.3218269 -0.49374685 242.31111
0.45771393 3.2647121 -0.52897489 395.5
-2.6318328 3.4205825 -0.48915529 10
-2.2900045 3.4781816 -0.47645628 29
-1.8579351 3.4949369 -0.54269654 25.5
-1.764284 3.4704185 -0.53481781 32
-1.552282 3.5210581 -0.53188074 24.5
0.10617577 3.4662626 -0.60049981 57
0.19682764 3.5586247 -0.61851925 33
-3.6397877 3.7765326 -0.43859953 8
-3.2630982 3.7595804 -0.41987255 20
-2.8651283 3.7418289 -0.40157977 26
-2.7004735 3.6942341 -0.52050716 11
-1.8973134 3.7816994 -0.5366711 150.75
-1.7688907 3.7599812 -0.5730747 44.5
0.28136855 3.7441678 -0.50634211 155.5
-3.603452 3.9031181 -0.44586673 5
-3.2649996 3.8562818 -0.42710438 45
-2.8840334 3.9142828 -0.41571385 46
-2.0939527 3.86657 -0.50903398 68
-1.8261412 3.8066108 -0.49181306 332
-1.7555666 3.903568 -0.50029415 222.33333
-0.23508178 3.8614607 -0.47327763 306.5
-0.13637607 3.847307 -0.51353991 477.75
0.11094299 3.8204854 -0.51330149 478.04169
0.25765738 3.9004364 -0.52719134 218.75
-3.3300126 4.1344714 -0.45076087 10
-2.8813391 4.108109 -0.50166047 81.75
-2.7320228 4.1328478 -0.49760491 64.25
-2.5155866 4.1001472 -0.48463714 72.666672
-2.3249197 4.0920992 -0.47684127 83.333336
-1.2325515 4.0721245 -0.50573725 20
-3.2771327 4.2256384 -0.45551312 6
-1.8904002 4.37185 -0.42359546 108
-1.7949878 4.2676468 -0.54315037 87
-1.8614334 4.5324421 -0.43722656 79
-1.7089361 4.4385586 -0.56037766 19.5
-1.5075165 4.5292497 -0.56586659 9
-1.2790322 4.5259576 -0.56075335 9
-1.8254288 4.6878653 -0.45039135 74
-1.8395408 4.9009614 -0.46975249 26
-1.7382083 5.5427737 -0.52649009 19
-0.42253011 5.4903193 -0.51788312 40
-1.7509247 5.9655495 -0.56541526 16
-1.6485575 6.0253372 -0.56989568 20
-1.0647918 -6.6392694 -0.22695838 13
-1.5142163 -6.2207575 -0.20944288 17.5
-1.3172873 -6.2375503 -0.2110427 42.333332
-1.150894 -6.3076868 -0.21455349 30.5
-1.9107431 -6.1746378 -0.2065641 33
-1.7092148 -6.1889138 -0.20759261 36.666668
-7.7749696 -1.9060075 -0.21003075 7
-3.7042725 -1.680691 -0.25889903 40.5
-3.4841175 -1.6848741 -0.24647936 79.75
-3.3375356 -1.7035239 -0.23884746 122
-3.1598775 -1.6540034 -0.19005848 14
-2.6514359 -1.624921 -0.31810322 60
-2.5181255 -1.6633009 -0.23102246 181.83333
-2.3646102 -1.6296924 -0.28701878 193
-1.6705647 -1.6070199 -0.32002085 943.75
-1.5293152 -1.608717 -0.27577853 1081
-1.0590746 -1.6473913 -0.27321634 445.10001
-0.91264141 -1.6620381 -0.28958145 194.61546
-0.69329953 -1.6520429 -0.27586448 357.16428
-0.50843126 -1.6478633 -0.26714951 204.88889
-0.30087921 -1.6424273 -0.30127841 97.650795
-0.11005453 -1.6372995 -0.29862642 188.62
0.094733834 -1.6353379 -0.30109885 357.86908
0.24600565 -1.63157 -0.30553764 325.82999
-4.9337296 -1.4590313 -0.20454738 57
-4.1897016 -1.4251859 -0.28211564 150
-3.9098485 -1.4107869 -0.26493028 70.5
-3.6910717 -1.5002161 -0.25376892 227.125
-2.2432477 -1.417627 -0.26409751 88.5
-1.6758579 -1.5256468 -0.25629559 731.50714
-1.5076932 -1.5960962 -0.27456173 869.13
-1.304994 -1.5811468 -0.28406724 1004.7666
-1.1387571 -1.5820069 -0.27100304 497.38751
0.33358833 -1.543789 -0.29371601 248.27811
0.43319318 -1.5000776 -0.29180887 451.14999
-5.7185249 -1.2903533 -0.15373239 146
-5.0474019 -1.3357545 -0.13642067 33
-4.9481063 -1.3492488 -0.20344113 41
-4.4946642 -1.3807446 -0.2508142 52
-4.229032 -1.352319 -0.28316844 100.5
-4.1019225 -1.3947368 -0.27708596 89.5
-2.253902 -1.3313214 -0.2302568 18.75
-2.1726882 -1.2300848 -0.21932682 22.75
-1.8614533 -1.3698167 -0.26081064 547.58331
-1.7326542 -1.3772697 -0.27863565 705.27783
0.45697099 -1.293831 -0.30898371 107
-4.7384233 -1.0823249 -0.25991017 19.666666
-2.1608348 -1.1797726 -0.21648791 19.5
0.45327285 -1.0983713 -0.29761681 73.025002
-4.351388 -0.83687711 -0.28336066 30.25
0.50239205 -0.85763448 -0.30298483 101.03706
0.62430215 -0.81670159 -0.30243132 156.35715
-4.2998633 -0.74543136 -0.27984592 18.75
0.64998198 -0.7620756 -0.3079896 104.875
-5.787282 -0.46914443 -0.15488428 263
-4.7304282 -0.45405304 -0.25596651 21.5
-4.3941379 -0.54124063 -0.28420416 57.25
-3.4034302 -0.51866019 -0.18421243 15
-3.291086 -0.47922462 -0.25574583 40.5
-5.817503 -0.29242435 -0.15618218 243
-5.8015151 -0.36300445 -0.15552826 229
-4.8466749 -0.34563801 -0.26226765 26
0.55642724 0.78622323 -0.30343217 64.125
-2.681771 0.98739576 -0.36274374 177
-2.4952071 0.98985904 -0.27548096 1484
0.5567711 0.88392222 -0.31435835 70.494965
-2.4880631 1.0981913 -0.28286785 893.38892
0.54945314 1.0783455 -0.31679934 69.136612
-2.4807837 1.2885787 -0.29276064 520.61108
0.55035794 1.3170602 -0.30152738 131.93611
-2.4692256 1.5081127 -0.27161926 687.40002
0.54180491 1.4955806 -0.31610996 169.48001
-2.4551055 1.6988806 -0.24778731 684.3667
0.53740013 1.6947984 -0.3094584 211.8
-2.4453626 1.8919083 -0.25872594 569.54999
0.53340238 1.898828 -0.31779224 269.75
-2.4220564 2.0973032 -0.27062878 647.58331
-2.3236878 2.1380627 -0.19451697 10
0.52639234 2.0950127 -0.32259467 286.83334
-0.81170839 2.2482886 -0.21360935 63
-0.28279412 2.3814054 -0.28464502 942.88892
-0.062185191 2.3240936 -0.30962145 196.325
0.01287063 2.3251083 -0.40022948 11
0.52641159 2.2964604 -0.32097122 241.25
-14.683604 2.5027676 -0.099752843 7
-2.5378807 2.5030086 -0.25913382 13
-2.10797 2.5416594 -0.29109743 18.5
-1.0664319 2.5911858 -0.38732561 13
-0.85484535 2.4833701 -0.30361998 92.866669
-0.77499092 2.520551 -0.36808434 97.666664
-0.47239515 2.5932131 -0.3108204 700
-0.33695611 2.432596 -0.26163164 708.5
0.50718778 2.5241599 -0.31753966 186.72223
-14.634079 2.6794841 -0.10106312 7
-2.1454258 2.5986667 -0.28462538 9
-0.71042562 2.7761836 -0.37172595 525.66663
-0.54339427 2.7003825 -0.32341352 565.41669
0.51683122 2.7753823 -0.34750429 228.66667
-0.6759156 2.8392556 -0.27311629 454.11111
0.51011056 2.9903767 -0.29469687 393
-12.23269 3.1843307 -0.093593508 6
-3.3060982 3.1201284 -0.28165945 30
-2.8751047 3.1437526 -0.26823956 16
0.51477039 3.0545921 -0.23611292 197
-12.189798 3.3333786 -0.094957098 18
-2.9018507 3.2680445 -0.32171103 23.5
0.37525365 3.2721174 -0.32572684 405.5
0.47009397 3.2690835 -0.32801765 365.88889
0.32474685 3.4656134 -0.26208991 198
-3.429765 3.7266767 -0.18062034 10
-3.3406789 3.7666969 -0.18086436 13
-2.824816 3.7737267 -0.30373096 8
-1.9807612 3.7889121 -0.37514511 244
-0.10286243 3.7287967 -0.35271084 9
0.28634685 3.7654607 -0.32279408 280.75
-3.3069687 3.9667737 -0.18783315 109.5
-3.0845361 3.890615 -0.18231004 14.5
-2.8495603 3.968801 -0.2496417 45
-2.1003463 3.8935699 -0.34015822 163.5
-1.8866361 3.8577764 -0.33346567 314.5
-1.7722843 3.9570487 -0.33866668 180
-0.22852704 3.8632226 -0.32368621 373.5
-0.1568674 3.8514237 -0.32350087 455.25
0.114558 3.8298004 -0.32533765 383.54169
0.24627575 3.9033473 -0.29307777 297.5
-2.8713524 4.1462488 -0.32787347 78
-2.6797516 4.1900902 -0.32604867 84
-2.4714284 4.1974835 -0.32196802 117
-2.3680685 4.1963987 -0.3198213 136
0.28350249 4.0083647 -0.38578379 105
-2.5588934 4.2266774 -0.32570022 16
-1.8334569 4.2243037 -0.31289938 90
-1.8519502 4.414844 -0.32627922 60
-0.30048579 4.5545502 -0.33390209 38
-1.8678995 4.6110697 -0.34007075 12
-1.0730503 5.5251584 -0.24756706 239
-0.53983307 5.581665 -0.40813333 149.5
-0.63013047 5.5998516 -0.25458965 213
-0.46822131 5.6475425 -0.33630857 140.33334
-0.25381321 5.6936069 -0.26315281 117
0.27339152 5.7540026 -0.27357873 69
0.098705389 5.886487 -0.27706519 86
-4.4917002 6.1932273 -0.28635386 17
-4.2533178 6.1780338 -0.28344595 59
-4.2963014 6.4072971 -0.29296681 16
-4.2841086 6.7408986 -0.30629358 17
-5.2488756 6.8754444 -0.32078242 38
-4.193296 7.5887794 -0.34060985 63
-8.0150671 7.8668308 -0.15126035 11
-7.8865256 7.932735 -0.15256914 11
-7.2406039 7.9371877 -0.15301344 9
-6.8850646 7.9296432 -0.15323484 13
-6.7355623 7.9524412 -0.15390216 7
-4.7343526 7.9789114 -0.36025596 15
-4.5183477 7.9450188 -0.35742509 9
-1.1093735 -7.631907 -0.095567226 40
-1.12775 -6.7420044 -0.082704566 14
-1.4551166 -6.2111297 -0.071833327 17
-1.2975554 -6.221765 -0.073561445 21.666666
-1.1576883 -6.3241634 -0.076461196 9
-1.6930155 -6.1910172 -0.069321156 8
-3.7200317 -1.6995599 -0.062401548 83.166672
-3.5037532 -1.7061963 -0.059643354 98.5
-3.3278859 -1.6970898 -0.057206273 123.75
-3.1819665 -1.6658876 -0.016417667 10
-2.4916296 -1.6453339 -0.078372538 175.5
-2.3868473 -1.6082387 -0.084051222 36.5
-1.0503222 -1.6449118 -0.082110345 641.75
-0.90305305 -1.660332 -0.080865413 846.95984
-0.70294648 -1.6486272 -0.078458667 804.28125
-0.54573119 -1.656183 -0.099233344 532.91333
-0.25047377 -1.6441988 -0.089590274 24.652779
-0.10483404 -1.6523111 -0.10004272 17.644445
0.096911065 -1.6410158 -0.10210767 359.51221
0.24554054 -1.6278011 -0.10453072 702.12
-4.897428 -1.4709405 -0.023262747 198.5
-4.1837649 -1.4210123 -0.067430198 122.5
-3.911375 -1.4034401 -0.10800403 50
-3.6831582 -1.488798 -0.060556911 189.125
-2.303808 -1.4488561 -0.075428791 19.388887
-1.6554394 -1.4873625 -0.089398593 663.64581
-1.4948974 -1.591277 -0.088759452 925.5
-1.2961607 -1.5760833 -0.083951056 972.4917
-1.1347853 -1.5773591 -0.080903217 419
0.33732972 -1.5331025 -0.10119867 265.78
0.43362519 -1.4940366 -0.10169587 425.54999
-5.7193637 -1.2919632 -0.027420916 105.66666
-5.1839371 -1.317137 -0.024683431 28
-4.9793129 -1.3632396 -0.023654066 161
-4.215652 -1.3398236 -0.11513498 76
-4.1932106 -1.3895408 -0.11493587 171
-3.911159 -1.3878255 -0.018628873 54
-2.2252669 -1.3363889 -0.072506756 22.333334
-2.1667075 -1.2620596 -0.070492983 48.833332
-1.8849533 -1.3547465 -0.065530702 504.58334
-1.7140487 -1.3612362 -0.087184772 614.8667
0.46060041 -1.3064758 -0.10806389 78.375
-2.1329434 -1.1822278 -0.067936286 44.333332
0.45635715 -1.0929797 -0.10750474 56.576191
-4.4365401 -0.89874244 -0.021277189 22
-4.3053236 -0.82547653 -0.068009242 64.5
0.49808916 -0.89291066 -0.10646892 85.15937
0.62547517 -0.81046724 -0.10888933 136.375
-4.2749248 -0.6840443 -0.066940412 58.25
-4.1297121 -0.66865641 -0.11004518 53
0.65381193 -0.76969171 -0.10787615 100.70625
-5.7685423 -0.48052108 -0.029639676 66
-4.5339279 -0.45133752 -0.12094566 18
-4.3829226 -0.55075842 -0.069261439 63
-5.8140297 -0.34094238 -0.030455582 137.5
0.58675766 0.79656166 -0.1956071 95
0.61497158 0.78373957 -0.16265589 97.25
-2.4795811 0.98397088 -0.051003046 920.5
0.56276214 0.90187937 -0.11632489 102.78197
0.60949099 0.9068107 -0.16474013 97.474998
-2.4920812 1.1254557 -0.088375919 770.77777
0.56176746 1.0939475 -0.12040724 102.44445
0.60781318 1.0789851 -0.17124997 103.76666
-2.48051 1.2962376 -0.092194304 719.77777
0.5554809 1.2800422 -0.11332368 139.3
0.60830843 1.2912234 -0.18193717 177.66667
-2.4647458 1.5009274 -0.097328365 656.09998
0.56127876 1.4967656 -0.12304332 229.39999
0.60153598 1.4464066 -0.17696211 234.75
-2.445617 1.7019602 -0.065112814 660
0.55533534 1.6674826 -0.13376604 324.39999
0.60470384 1.7028855 -0.17844361 301
-2.4374888 1.9043524 -0.069755375 583.67499
0.54725063 1.9020985 -0.12617248 419.125
0.59780461 1.9035481 -0.19640377 335
-2.419404 2.0891349 -0.074486539 613.58337
-2.3864474 2.1720116 -0.041400608 340.5
0.53963703 2.0897543 -0.12656388 383.5
-1.0206968 2.3725882 -0.10453763 22
-0.87048334 2.3107717 -0.10610761 32.583332
-0.7462402 2.2946942 -0.10554716 146.38095
-0.01560009 2.2893991 -0.1107365 19.5
0.016776266 2.3086026 -0.1144903 10
0.54408199 2.3282375 -0.12405421 407.16666
0.60441953 2.2854979 -0.18253864 341.5
-2.4552829 2.5493262 -0.086776242 17.5
-2.2071111 2.5516469 -0.12141918 39
-1.0432491 2.4146333 -0.078214407 119
-0.68332005 2.4467053 -0.14283194 68.133331
-0.49047345 2.5303531 -0.11837063 471.38892
-0.34158245 2.4829786 -0.11604034 767.88885
0.52624756 2.5062099 -0.13125627 461.5
-1.0142896 2.7173438 -0.11971135 66
-0.45571998 2.6058288 -0.11649153 526
0.56293094 2.7259703 -0.21331176 254
-0.55773622 2.8197339 -0.20401721 405
0.54221284 2.9381514 -0.15140522 320.33334
-3.3173544 3.1420071 -0.10904297 147
-2.8218155 3.1044545 -0.149786 126
-2.6912847 3.0201616 -0.057946429 16
-2.2693927 3.0508256 -0.14106184 53
-1.9112592 3.1385067 -0.062358052 11.5
0.49289104 3.0589242 -0.11768395 294.5
-1.8892266 3.2585113 -0.065156013 7
0.36513072 3.2835424 -0.12378773 439
0.44646722 3.2796543 -0.12506337 361.75
-2.2834845 3.4986742 -0.15891238 6
-1.8645875 3.5072331 -0.070949689 58
0.32227999 3.4153311 -0.090917245 115
0.310895 3.6725814 -0.1765182 299
-2.0859339 3.9065421 -0.1267112 128.5
-1.8644542 3.9271135 -0.1742875 214.33333
-0.10161816 3.9024286 -0.18093088 10
0.31472507 3.8324714 -0.10133573 109
-3.3128583 4.0069857 -0.077398688 31
0.086264528 4.1754584 -0.1065246 19
0.29015955 4.0840058 -0.15099832 56
0.16525047 4.2254939 -0.10896944 21.5
-0.94437551 4.4270225 -0.19762248 186
-0.28862375 4.5820351 -0.21053036 59
-0.53604615 5.5843363 -0.13383326 241
-2.6464014 5.6781626 -0.11721733 31
-2.47662 5.6259832 -0.11702031 48.5
-0.64851326 5.6600914 -0.13437018 44
-0.43836361 5.6621099 -0.13702428 112
-0.28780651 5.6750641 -0.1393179 62.333332
0.33370271 5.7731066 -0.15072376 37
-0.17352016 6.1683621 -0.15334989 224
-3.3712599 6.540803 -0.13332523 8
-3.3523133 6.6032643 -0.13487074 8
-3.7501156 7.6182847 -0.15631911 10
-1.1407133 -6.8091531 0.25269073 36.5
-1.9204968 -6.1614289 0.17734244 18.5
-1.7068688 -6.1567106 0.17278743 18.166666
-1.4946361 -6.1693635 0.16905978 9.25
-1.2984538 -6.145566 0.096732095 7.6666665
-1.1185906 -6.1274672 0.093686804 7.5
-12.029882 -2.9398203 0.27624744 8
-5.7894244 -1.6038158 0.13421187 11
-3.6365132 -1.6184196 0.13248244 39
-3.5378532 -1.6663141 0.12968946 10.5
-3.3219154 -1.6525242 0.12306678 20.75
-3.1121769 -1.6588702 0.15966724 28.833334
-2.8999362 -1.6306026 0.14597365 29.5
-2.7306271 -1.6250414 0.13919412 25.5
-2.265722 -1.6109229 0.15705007 587.625
-2.0977559 -1.6114427 0.14922507 680
-1.9003867 -1.6050805 0.16918385 797.03339
-1.7411447 -1.6046003 0.16023886 814.25
-1.0514568 -1.6391069 0.12899956 503.38998
-0.89810842 -1.6602491 0.12376636 720.94287
-0.69359308 -1.6457561 0.11521605 717.89166
-0.56935072 -1.6442106 0.11087988 653.79999
-0.072830617 -1.6451844 0.098725498 14.847143
0.10148028 -1.6396002 0.096005104 336.03555
0.25040826 -1.6258904 0.093900464 641.16003
-5.1089129 -1.5401008 0.17762706 234.5
-4.9484558 -1.4362717 0.11517127 83
-4.0676303 -1.4002237 0.096305251 76
-3.8062336 -1.4155848 0.090930879 77
-3.6531687 -1.4802682 0.13110614 209.425
-2.4963019 -1.5913483 0.12936778 32.333332
-2.3550074 -1.5497733 0.13006383 28.833332
-1.6406885 -1.5698221 0.12773706 820.16669
-1.5001888 -1.590161 0.12161268 882.65002
-1.2978508 -1.5763426 0.11253908 878.08337
-1.1245967 -1.5763843 0.12914242 328.75665
-0.21478483 -1.5579774 0.20862015 8
0.34071711 -1.5266101 0.10630504 201.75
0.43839082 -1.4872884 0.1038342 318.20834
-5.7392535 -1.2686639 0.19509286 102.08334
-4.2114449 -1.3463087 0.1948965 141
-4.1876168 -1.3757313 0.14646831 118.25
-3.9816806 -1.3817037 0.18581043 30
-2.2979691 -1.3775947 0.059293278 19
-2.1701734 -1.2295947 0.055339195 38.5
-1.8581192 -1.3252603 0.049885664 265.33334
-1.7032323 -1.345436 0.04698468 501.20001
0.46352756 -1.2896063 0.1061646 68.821426
0.45552188 -1.0779145 0.10343202 55.087494
-4.3558602 -0.84497875 0.14666815 57.5
0.49839097 -0.88609195 0.10048109 82.24868
0.62548023 -0.80721748 0.086444259 152.57292
-4.3529625 -0.69244838 0.14503759 86.25
0.65403968 -0.76912802 0.096730329 108.69445
-5.8576498 -0.44857472 0.19242546 152
-5.7830706 -0.49928868 0.12666079 212
-4.4754992 -0.47419816 0.14683093 46
-4.3800159 -0.5597797 0.14505175 64.5
-5.8501234 -0.34875366 0.19128039 148
-2.6338284 0.99775904 0.052150816 7
-2.4904957 0.98316276 0.078180611 536.5
0.55902916 0.90137917 0.093656674 103.14484
-2.6326451 1.018347 0.18698779 8
-2.4830682 1.1176124 0.11157976 754.5777
0.55557686 1.0971924 0.081581391 100.93877
-2.4743204 1.3082776 0.1127653 727
0.55220133 1.3001282 0.07744845 135.59166
-2.4612441 1.4996688 0.1141197 690.35004
0.54987091 1.4834167 0.08731465 209.375
-2.4447427 1.6982377 0.11581605 701.66669
0.5496214 1.6884128 0.078920975 337.93335
-14.639088 1.983418 0.30383089 17
-2.4303486 1.903324 0.11770407 617.11664
0.54573184 1.8949382 0.087886751 416.79999
-14.645317 2.1676264 0.30314696 22
-2.4112535 2.0956492 0.1197139 599.66669
-2.3860395 2.1839287 0.080154151 596
-0.10606819 2.1596506 0.028372468 63
0.53666556 2.1249564 0.072440475 453.875
-14.663047 2.3545034 0.30271295 8
-2.4149337 2.2205617 0.20266944 135
-0.86208189 2.3678253 0.10577504 462.8125
-0.74173719 2.3548405 0.10174069 785.68335
-0.2720277 2.264425 0.16734402 254.39999
-0.0334576 2.3057663 0.084807903 104.60714
0.049130194 2.3072767 0.083409332 108.35715
0.26430443 2.3555882 0.13923596 73
0.53240192 2.3319664 0.079858519 409
-14.668539 2.5404353 0.30203775 16
-2.460803 2.522028 0.046448953 242
-2.1637974 2.5255589 0.076711342 307
-1.028407 2.4438546 0.081641279 47.333332
-0.91128629 2.4201031 0.1192248 356.16666
-0.64938617 2.4423168 0.10188868 878.33331
-0.52717966 2.5714819 0.073428199 601.20001
-0.3603518 2.5680139 0.037689224 528.5
-0.044068713 2.5484128 0.12637708 98
0.52246523 2.5184288 0.08595717 390.875
-14.628418 2.7188201 0.30043727 10
-2.5766146 2.6935029 0.12941152 10
-2.2158287 2.6335313 0.041757002 12
-0.48822409 2.6099331 0.10365865 648.54999
-0.33014432 2.6151137 0.066088364 221
0.50668502 2.6174233 0.12460673 600
-14.572403 2.8938785 0.29852769 8
-2.0708692 2.9467566 0.21155882 123.5
-1.941047 2.9507439 0.20581168 259
-0.29963288 2.8984673 0.14837575 91.400002
-0.1374419 2.8697627 0.14393693 50.25
0.16384585 2.9143951 0.1419169 35.666668
0.29717353 2.9201238 0.14088491 38.333332
0.54814428 2.9443758 -0.002606811 177
-14.540709 3.0735507 0.29713359 7
-3.3168674 3.1315863 0.112432 230
-3.1280222 3.1917391 0.15607366 39
-2.8545172 3.1419065 0.10045722 257
-1.9234741 3.0721152 0.11996852 106.66666
-0.047096662 3.1594746 0.074266419 43
0.53015327 3.0675991 0.069588572 356.16666
-14.520455 3.2559426 0.29598829 21
-12.31493 3.2420211 0.24920017 15
-2.9318466 3.2204602 0.14981297 11
-1.8971016 3.2234757 0.076566868 9
0.38018593 3.2839723 0.03598734 372
0.46402037 3.2793958 0.075762525 395.44443
-14.496943 3.4380679 0.29479071 10
0.33198327 3.4609733 0.076396741 128
-14.490542 3.6249566 0.29395479 9
-3.0551748 3.7530553 0.16271435 94
-0.092098117 3.7388237 0.0075475946 75
0.31812477 3.6983082 0.0017089136 144
-2.8047707 3.9731407 0.10576395 102
-2.1304996 3.9850154 0.04089532 92
0.32604063 3.8961196 0.08665964 79
-14.724924 4.0700779 0.29731438 10
-2.1212432 4.0066857 0.13911691 89
0.1256593 4.105463 0.005073566 291
0.24721387 4.1084366 0.048220769 167.16667
-14.706987 4.3580785 0.29593548 14
0.12379402 4.3612099 0.10015714 163.5
0.20395398 4.3558025 0.098969288 206
-14.695292 4.4528899 0.2953673 7
-0.31517753 4.5831962 0.061936647 39
-0.14588682 4.4224524 0.10547177 70
0.31473342 4.4043632 0.098716497 66
-14.665107 4.7401967 0.29378146 8
-0.42506874 4.6498642 0.11530566 8
-0.29424614 4.6219754 0.11248805 9
-2.3961298 5.5596962 0.17866202 11
-2.2534199 5.6029677 0.17595395 87
-0.45313105 5.6567159 0.016120397 109.5
-2.7231185 6.1399846 0.053368289 32
-0.64377791 6.1336255 0.019773874 9
-3.6103468 6.5563178 0.069271237 29
-3.4202747 6.5888267 0.065943316 4
-3.319828 6.5919104 0.064184263 7
-8.094511 7.9917417 0.15335166 6
-5.8276162 7.9551916 0.11034033 30
-5.7605352 7.9656887 0.10910335 27
-5.4914656 7.9999933 0.10416512 34
-3.8290346 7.9639764 0.074413948 16
-8.0226994 8.0186491 0.15195073 18
-7.1389542 8.0695105 0.13498063 11
-6.307045 8.0776386 0.11929099 68
-5.2922106 8.0218191 0.10053514 38
-3.7553074 8.0628614 0.073238246 31
-1.1216518 -8.425807 0.30747947 30
-1.1102537 -7.6262197 0.27996409 23
-1.097617 -6.8557968 0.43619227 18
-1.5237737 -6.2091384 0.40832508 15.666667
-1.857954 -6.1400132 0.41392919 15.5
-1.7231551 -6.1695623 0.41163933 12
-11.979372 -3.0261271 0.54506588 11
-4.2989259 -2.8096347 0.47567433 38
-4.3223925 -2.6699667 0.41386268 62.666664
-4.109992 -2.6740277 0.3435638 77.5
-4.9191632 -2.47611 0.38753098 17
-4.3488503 -2.5586867 0.41106966 65.5
-8.2260885 -2.2955778 0.37684605 9
-3.8425696 -1.7646354 0.34531808 16.25
-3.7589378 -1.6481547 0.38111204 32.5
-3.2094979 -1.6745983 0.33557281 19
-3.0753736 -1.6957115 0.37126547 26.333332
-2.2377827 -1.6075964 0.32283178 616
-2.0800719 -1.6049534 0.33992103 626.66669
-1.9362912 -1.6022183 0.35672987 748.61108
-1.7445133 -1.6011286 0.3350094 752
-1.0408025 -1.6468143 0.31925625 627.83331
-0.89540178 -1.6547354 0.32978806 730.43304
-0.67913568 -1.6392437 0.33073524 755.08612
-0.55911762 -1.6412169 0.32189983 663.63336
-0.32889107 -1.6874648 0.22965932 12
-0.06224205 -1.6490824 0.27952486 10
0.11256892 -1.6368252 0.29568622 271.38095
0.2505646 -1.6217993 0.29324627 553.79999
-5.0340567 -1.4254619 0.36819312 35
-4.9777284 -1.509089 0.36615664 68.5
-3.6384485 -1.472427 0.32015461 152.25
-2.3548496 -1.5844225 0.33318776 35.333332
-1.8379054 -1.5973439 0.37428436 786.5
-1.6373843 -1.5918089 0.32254338 871.83331
-1.5315168 -1.5759503 0.3372443 759.29999
-1.289273 -1.5269682 0.32940164 689.84998
-1.1298379 -1.5690936 0.31757125 422.37329
-0.49115711 -1.5383501 0.21789508 12
-0.22966948 -1.5928909 0.21369892 6
-0.13594832 -1.5831016 0.25113741 8
0.34323055 -1.528994 0.31771511 186.36667
0.4409993 -1.492305 0.31393871 366.04999
-5.73877 -1.2689523 0.41318876 99
-5.078156 -1.3708074 0.37007421 10
-4.2154589 -1.3441702 0.41098228 109
-4.1590815 -1.3778185 0.35788637 131.5
-3.9003224 -1.3856844 0.33790189 38
-3.7067785 -1.3865039 0.36747259 47
0.46654862 -1.2916523 0.30859619 80.785713
0.45700511 -1.082455 0.30669677 55.633331
-4.4150233 -0.90507346 0.31631503 50
-4.3474545 -0.83568877 0.31054825 88
0.49700254 -0.8646884 0.29702467 89.48941
0.62673265 -0.80742514 0.28958958 151.84377
-4.4412279 -0.63833266 0.41522837 9
-4.3491936 -0.70280427 0.35835677 80.5
-4.1277323 -0.72369623 0.38807821 13
0.65411311 -0.74414527 0.29185775 109.29193
-5.9136157 -0.50734502 0.41475117 136.5
-4.5262709 -0.47213525 0.31798252 35
-4.3599424 -0.56331182 0.30753064 160
-5.889987 -0.35983875 0.41170335 152.5
0.56841815 0.7775616 0.31362861 102.19444
0.56739277 0.89049202 0.2899147 97.419151
-2.4705107 1.1087208 0.30648151 632.55548
0.56423765 1.0849284 0.290436 109.60952
-2.4622109 1.3114769 0.3135761 585.60004
0.56190807 1.2847396 0.2823666 150.15834
-2.4464226 1.5027812 0.32071522 611
0.56114 1.4851791 0.28060877 242.84721
-2.431772 1.7005981 0.32929641 617.86664
0.56034517 1.6843617 0.29345798 370.23334
-2.420814 1.9003705 0.33945248 537.96667
0.55369675 1.894042 0.27953616 427.3667
-2.4026108 2.093631 0.3112492 544.16663
-2.3796802 2.1211619 0.311306 363
-0.075537376 2.1870143 0.26683846 605
0.1328927 2.1715 0.34223872 510.5
0.54548168 2.1073065 0.28327668 460.45834
-2.5268798 2.3894534 0.38357642 14
-1.0062338 2.3507459 0.32391316 9
-0.91915292 2.350951 0.32101399 328.5
-0.73318321 2.3794255 0.31425199 1164.4445
-0.071423709 2.2507305 0.30091271 382.5
0.09266907 2.2392001 0.2981247 819.91669
0.54374206 2.3104727 0.28116268 396.33334
-2.6105025 2.5524368 0.22417562 15.5
-2.4780884 2.4513433 0.33766019 275.25
-2.3255711 2.4922988 0.32864416 379
-2.1213903 2.5466287 0.27304193 229
-1.0292772 2.4209406 0.27333218 10
-0.86273736 2.4218011 0.29375017 720.83331
-0.68264967 2.4971123 0.2923685 857.79169
-0.0093560293 2.4436181 0.29720783 894.33331
0.02550252 2.4378045 0.29599684 900
0.2844297 2.4933507 0.30204627 60.875
0.52514946 2.5069163 0.27157375 441.25
-2.5647707 2.7002666 0.22678339 43.5
-2.3689413 2.6609802 0.38867086 269
-2.0943849 2.6423724 0.27656853 115
-0.65192872 2.6677964 0.27320492 346
-0.55219752 2.6709757 0.2039527 598
0.19010521 2.7014682 0.26228389 190
0.24215782 2.6683817 0.28912276 378.5
0.50947398 2.6085248 0.25293213 620
-2.479017 2.8441417 0.22745845 125
-2.3163357 2.9370315 0.22284903 131.2
-2.1582446 2.9541552 0.21591882 98
-3.3263209 3.1340897 0.28217116 108
-2.1191776 3.1907232 0.41010529 265
-1.9334652 3.1454654 0.2135208 15.5
0.54355997 3.0487754 0.29256165 378.5
-2.4238808 3.3475175 0.33677918 166
-2.2516508 3.2327104 0.31985608 205.5
-2.0631928 3.220958 0.35829371 234
-1.9148057 3.2988429 0.26190025 8.5
0.49556252 3.2818091 0.31847468 519
-11.523849 3.551084 0.49412426 14
-1.9404143 3.5859668 0.23254429 68
-11.475179 3.6133497 0.49227929 7
-1.9771252 3.7633054 0.24172713 37
-0.21390377 3.6437111 0.36127138 24
-11.258345 3.8512855 0.4840641 7
-2.0768607 3.9363258 0.35335213 6
-1.9707446 3.8655837 0.24594657 21
-2.100872 4.0419388 0.36128673 14
-0.7196452 4.127512 0.31247491 197.33333
-3.4214795 6.565146 0.22694899 9
-3.3222098 6.5700917 0.22431651 7
-3.2426775 6.6130929 0.22303367 18
-3.1523051 6.6334581 0.22102384 16
-3.5293002 7.8592658 0.25657842 14.5
-8.1023045 8.0757322 0.4026289 10
-6.2602348 8.0959511 0.34124216 14
-5.8582964 8.0763187 0.32816285 9
-5.4472799 8.0689526 0.31532174 13.5
-1.078284 -8.3743401 0.52729923 10
-1.084132 -7.5581164 0.56394517 11.5
-1.1453815 -6.708714 0.58195645 13
-1.5361133 -6.2033076 0.55243462 6
-1.8842663 -6.1348405 0.55917323 9
-1.6910942 -6.1748738 0.5554266 6
-4.2980075 -2.8290997 0.61202806 62
-4.3290448 -2.6997454 0.60723305 64.666664
-5.0221272 -2.4628518 0.51989192 6
-4.9425058 -2.4907429 0.58715677 11.5
-4.337728 -2.558872 0.59970236 63
-7.7398009 -1.9883577 0.56287128 22
-3.9417524 -1.8446028 0.51861227 10
-4.436234 -1.6429882 0.56419504 43.5
-4.289999 -1.668842 0.60187143 76
-4.1096516 -1.6717083 0.57941961 73.75
-3.8491247 -1.6769751 0.54799241 41
-3.7910173 -1.6476213 0.49254197 34
-3.0625517 -1.6707878 0.54074156 22.875
-2.2510767 -1.6042682 0.53097397 540.5
-2.0873935 -1.6013998 0.53746259 657.79169
-1.9427737 -1.6002791 0.54503524 715.5
-1.7099292 -1.5992572 0.47601911 822.5
-1.0378612 -1.6374286 0.53886515 639.8125
-0.8917259 -1.6492394 0.51960802 775.49103
-0.71174949 -1.6389074 0.51685792 640.03998
-0.55059284 -1.6464163 0.5149551 440.16666
-0.26847616 -1.6100563 0.46546847 5.3333335
-0.16912799 -1.6280835 0.4652316 7
0.13626939 -1.6188456 0.5010795 364.375
0.25970918 -1.614639 0.50217342 583.55994
-5.0719967 -1.4802502 0.49107262 43.666668
-4.9474354 -1.4939983 0.61642975 28.5
-4.1736431 -1.4014409 0.52480984 125
-2.2989628 -1.5886072 0.53701431 233
-2.0457888 -1.5965956 0.56119454 585.25
-1.8417569 -1.5948831 0.52701437 799.5
-1.6880714 -1.5926789 0.5309571 846.51672
-1.5238289 -1.5632545 0.55362052 732.25
-1.2793661 -1.5125254 0.52719671 707.01385
-1.1189319 -1.5669289 0.53608906 400.20001
-0.64219552 -1.5797975 0.53740054 31
-0.4456003 -1.5472674 0.52587509 14.5
-0.26899153 -1.5414414 0.5087747 29.361111
-0.095911346 -1.553 0.50324053 39.400002
0.077520162 -1.5734953 0.50690669 52.900002
0.33693054 -1.525373 0.51972359 169.19333
0.44609243 -1.4793571 0.51200211 370.58002
-5.024878 -1.317204 0.55051547 31.25
-4.1941862 -1.3885789 0.62801987 72
-4.1761971 -1.3356068 0.5730449 116
0.46576935 -1.2995604 0.49176896 98.054756
0.45617774 -1.0686368 0.5108341 58.150002
0.49486622 -0.85509795 0.49064994 75.93985
0.63411057 -0.80883318 0.49218163 116
-5.9017849 -0.69955897 0.55016237 102.5
-3.9779897 -0.70056784 0.52655751 11
0.65708101 -0.69177675 0.49824861 82.215721
-5.9279737 -0.51859003 0.55014831 100.33334
0.65384841 -0.55579549 0.54416066 77.125
-5.8988662 -0.37031946 0.54576349 103
0.58712977 0.57989126 0.57417578 104.75
0.5777868 0.71206176 0.49865395 94.237167
-2.4916956 1.0015491 0.50368857 275
0.57827115 0.89975399 0.48548239 98.865082
-2.4659908 1.0996546 0.50751102 746.75
0.57477111 1.0855706 0.48909175 141.22618
-2.455301 1.3036222 0.52044374 516.88885
0.5718618 1.2858286 0.48453939 225.94287
-2.4377081 1.4957929 0.53347689 570.79999
0.57125223 1.4890666 0.48711884 294.74997
-2.4280078 1.6859213 0.54911834 648.24438
0.56831229 1.7072595 0.48026758 399.78333
-2.4105928 1.8932968 0.52868354 479.875
0.56111056 1.8969406 0.4786205 433.70001
-2.4013555 2.0841777 0.50589651 456.94443
-2.378792 2.1224918 0.50605237 337.83334
-0.056614969 2.190748 0.45668915 795.5
0.077901751 2.1981318 0.48341635 884
0.55802226 2.0609927 0.49060911 481.875
-14.650194 2.3311226 0.62592161 7
-0.035743751 2.3228097 0.48374322 203.5
0.095120966 2.2811284 0.4746334 437.0625
0.55335778 2.2902398 0.48227847 413.875
-14.64219 2.5145423 0.62544703 7
-2.4479575 2.5440817 0.4678165 21
-2.3913734 2.578702 0.46505067 15
-0.81151646 2.4617517 0.48820356 581
-0.72681153 2.485908 0.4861916 979.54999
-0.0064317035 2.4373276 0.44641405 978.5
0.056431927 2.4355483 0.47677815 1058
0.27242833 2.5593309 0.53224242 10.25
0.53717881 2.5183132 0.49606994 448.16666
-0.66819507 2.6070333 0.50376636 713.5
0.23691364 2.6256912 0.44835392 9
0.51274431 2.6072271 0.44851753 631.5
0.53427029 3.1186583 0.45440724 239.83333
-2.2061226 3.2076182 0.46228141 237.5
-2.0511107 3.2755852 0.45619059 203.75
0.37933612 3.2681551 0.43524683 183.5
0.46232387 3.2865617 0.47869468 347.05554
-13.477838 3.4393852 0.57632273 16
-2.0273538 3.4519713 0.42539024 158
0.34225059 3.9353998 0.47310367 50
-14.689688 4.0385532 0.62878764 8
-1.0477737 4.1237316 0.43381193 146
-0.90455574 4.1235652 0.47701707 204.25
-0.74908775 4.1380301 0.47246808 229
-14.704351 4.2374344 0.62988544 8
-0.72736526 4.2196622 0.5292995 6
-0.2466666 4.5509734 0.55564135 7.5
-0.45549911 4.7517762 0.47598931 8
-0.36919379 4.6859407 0.57485694 7
-0.61771959 4.8692217 0.4917385 6
-0.55523866 4.852798 0.4884432 9
-3.9919064 8.0701427 0.51032925 17
-3.6300392 8.0734568 0.49673679 31
-3.5163951 8.0845175 0.49306262 22
-3.2937195 8.1111908 0.48630846 35
-0.98118603 -13.462497 0.83365238 9
-1.8606002 -6.1382861 0.72746468 10
-1.7221228 -6.154881 0.72318882 7
-1.5383015 -6.1479793 0.71486634 12.5
-4.314033 -2.8262796 0.80028147 53
-4.3185601 -2.6801984 0.78902173 47.333336
-4.9899459 -2.4399891 0.79019541 10
-4.9365878 -2.4895976 0.78641707 10
-4.3275795 -2.5401578 0.77914083 47
-4.8405795 -2.2937922 0.76198959 10
-5.5886707 -2.0025666 0.84515232 24
-8.0393715 -1.816661 0.76634246 11
-5.6398664 -1.9574565 0.78084981 38.5
-3.9371998 -1.8569772 0.7338233 8.5
-4.6097035 -1.674243 0.82748073 18
-4.4419408 -1.6648843 0.73729694 77.5
-4.2834454 -1.6760507 0.77581942 71
-4.0593619 -1.6626607 0.79210216 78.5
-3.8367612 -1.6782856 0.75605655 22.75
-3.0661912 -1.6591511 0.7591579 21.666666
-2.2458541 -1.6033376 0.74086517 523.66669
-2.1096766 -1.6013271 0.67567647 722
-1.9530839 -1.5993737 0.67692393 699
-1.0405049 -1.6258887 0.7460345 511.6875
-0.88993734 -1.6457089 0.72164673 915.02679
-0.69865149 -1.6397854 0.71022367 821.68884
-0.56309462 -1.6348056 0.71172351 842.125
0.15667571 -1.611542 0.70158374 679.51251
0.25673646 -1.6140317 0.70664805 770.92499
-7.6490855 -1.5321629 0.72476816 7
-7.4856882 -1.454778 0.90948635 25.5
-4.8795576 -1.4447497 0.79119611 43.75
-4.7628064 -1.4690386 0.84087455 21
-4.1703897 -1.4014199 0.79417598 85
-2.3232725 -1.5805725 0.75506783 187
-2.1203914 -1.5915951 0.7450431 631
-1.8601702 -1.5865505 0.75181407 751.375
-1.7097654 -1.5805302 0.71458316 808.6875
-1.5326201 -1.5811714 0.76364541 914.4444
-1.2889063 -1.5458592 0.72528875 751.4881
-1.1076028 -1.5604868 0.74035358 354.88336
0.347599 -1.5179731 0.69426161 316.71429
0.44069248 -1.4916025 0.69145966 651.57336
-4.9711494 -1.3779149 0.73359555 21
-4.1695485 -1.3442814 0.7906304 85
0.46429518 -1.2813028 0.70544374 139.40279
-7.0432253 -1.1233263 0.8497529 24
0.45872605 -1.0864451 0.70440483 88.507141
-3.9620159 -0.83527595 0.77816308 8.5
0.49005505 -0.86743516 0.67951429 105.43791
0.6321106 -0.8068586 0.69630712 206.19446
-5.8997455 -0.68181545 0.70623213 129
-3.9461925 -0.72730666 0.6752426 13.5
0.65841609 -0.70083201 0.6858744 105.91383
-5.9450641 -0.50246942 0.70872509 129
0.65155673 -0.51409775 0.67074686 76.78331
-5.8757029 -0.3877148 0.6989584 92
0.64812434 -0.3732973 0.68109083 50.200001
0.59119481 0.54894674 0.65917951 104.39181
0.59083635 0.70368427 0.67973679 116.71703
0.5877133 0.90048343 0.67908007 183.6259
-2.4533923 1.1197293 0.7127248 643.07782
0.58414626 1.0949183 0.68193972 233.24525
-2.4457312 1.3064477 0.73052716 492.8667
0.58631849 1.2986113 0.69576865 338.79764
-2.429678 1.4899518 0.74890232 598.36664
0.58312416 1.4970611 0.69206262 419.56665
-2.4194109 1.7227691 0.7014358 597.06665
0.57766777 1.6889015 0.6682111 468.96664
-2.4046893 1.8888401 0.72077858 546.27777
-2.3888583 1.9567921 0.72521597 331
0.57487833 1.894153 0.68825346 480.10001
-2.3931212 2.0265439 0.73743433 472.77774
-2.3871672 2.1072426 0.74763489 448.11111
0.56452149 2.0838645 0.66515476 522.375
0.091771848 2.3901103 0.65019268 43
0.56057423 2.3011742 0.66850013 411.25
-0.81585717 2.5687954 0.60817182 91
-0.70569825 2.5745702 0.67006236 345.63333
0.092098966 2.4396269 0.72855717 17
0.54756564 2.5074193 0.69242579 434.16666
-0.81579798 2.6304331 0.69374239 434.5
-0.62840456 2.6224504 0.71092343 50.75
0.25880614 2.6406245 0.65160596 5
0.55291069 3.0594654 0.68147832 188.33333
-12.351204 3.2618291 0.86525172 8
0.40116727 3.2867706 0.68598682 146.5
0.49242502 3.2806916 0.68607473 332.45831
-0.85433638 4.2341275 0.7009064 62.166668
-0.43242306 4.7452083 0.58365268 6
-0.60406274 4.9471927 0.61293697 6
-0.90899336 6.1875625 0.77232069 5
-0.92394888 6.3429027 0.64485252 12.5
-4.0615616 8.0630598 0.71638143 28
-3.9518778 8.0909119 0.71279699 17
-3.5118818 8.0486298 0.68932211 14.5
-3.353616 8.0892658 0.68489653 11
-1.8505223 -6.1455317 0.87509108 21
-1.6822525 -6.1604681 0.95316154 11
-1.5737172 -6.1766458 0.8656196 6
-4.279007 -2.8213558 0.9853403 25
-4.3264666 -2.7025747 0.9811126 37.333332
-4.9371953 -2.4786222 0.93222958 8.5
-4.3515673 -2.5354135 0.9689799 35
-8.1376657 -1.8689811 0.99675447 21
-5.5680742 -1.9454143 0.99600101 40
-4.0281115 -1.9283922 0.97644788 7
-7.7228675 -1.6243428 0.94162673 12
-7.1298528 -1.7869041 1.0464704 14
-4.4359117 -1.6429493 0.97276187 44.25
-4.2571239 -1.6669685 0.93991858 63
-4.0429039 -1.6647159 1.0098242 90
-3.8247521 -1.6794519 0.96476614 30.5
-3.0480149 -1.6670274 0.98186016 17.25
-2.1959863 -1.6028394 0.8740024 500
-1.0324293 -1.6464412 0.92163181 756.45831
-0.86886281 -1.645703 0.93749976 931.88544
-0.6795333 -1.6361029 0.9181506 1011.6444
-0.55224442 -1.6298149 0.9165222 818.125
0.17279106 -1.6161832 0.905348 893.35413
0.2608487 -1.6161083 0.91028851 880.41669
-7.5008044 -1.3964069 1.0852854 6
-4.1640277 -1.395512 0.96029788 132
-2.2592554 -1.5885524 0.9635011 413.5
-2.0754688 -1.5860131 0.94644994 596.9375
-1.8912671 -1.5835222 0.92745626 571.25
-1.6771681 -1.5740107 0.92833281 624.06665
-1.5056984 -1.575232 0.90962535 883.76666
-1.3021694 -1.563895 0.90706587 991.66675
-1.1211594 -1.5652951 0.91420573 529.58337
0.34847936 -1.5153925 0.91358304 305.89166
0.45357043 -1.4774685 0.90544951 744.9375
-4.2867222 -1.323088 0.92178726 19.5
-4.1601338 -1.3354596 1.0097692 91.5
0.4692288 -1.2846777 0.89217901 253.77777
-7.0813451 -1.1391611 1.0195049 18
0.46086657 -1.0771428 0.89428765 203.78889
0.49110076 -0.88991797 0.85778517 209.72766
0.64192897 -0.81142795 0.8927201 338.38336
0.66044915 -0.72747922 0.84353948 229.43486
0.65676117 -0.55955881 0.81727934 126.4
0.60451496 0.59016806 0.78866559 168
0.59880376 0.74237359 0.82561505 222.21875
0.60262394 0.91040927 0.88006932 344.94556
0.61482012 0.82381976 0.96759164 487
-2.4397993 1.1827008 0.93302554 643.5
0.59811836 1.1045409 0.88925707 437.25595
-14.594556 1.2617869 1.0121424 12
-2.4320204 1.2865703 0.94553077 565.28888
0.59100604 1.3165541 0.86983418 484.20834
-14.615767 1.4446719 1.0135522 14
-2.4171369 1.5246454 0.90184426 574.14447
0.59054667 1.5054709 0.86971545 534.25
-14.630719 1.6278259 1.01465 14
-2.4085245 1.7051111 0.92957735 506.61667
0.58568496 1.6931502 0.88174766 548.93335
-14.648056 1.9036299 1.0161904 11.5
-2.3950477 1.8553056 0.95215875 478.33334
-2.3843513 1.9351319 0.96444082 441
0.58405972 1.9038761 0.89157122 486.16666
-14.654839 2.1796467 1.0172471 20
-2.3886626 2.0467815 0.90300322 419.33334
-2.379935 2.1253166 0.91539383 385.22226
0.57393581 2.1300511 0.86277467 462.25
-14.656606 2.3642414 1.0179275 12
0.5683496 2.2734411 0.88407189 429.16666
-14.658995 2.5497189 1.0187778 9
0.5619058 2.4996955 0.89707506 394.2778
-14.638441 2.7317684 1.0181578 10
0.53593141 2.6772966 0.95717221 256
-14.542788 2.9921455 1.0129421 12
-14.519312 3.0803657 1.0118504 7
0.37011126 3.1764584 0.78596926 26
0.56297559 3.1124566 0.89776301 115
-14.489246 3.2604351 1.0109395 7
0.40268278 3.2888045 0.85692656 248.5
0.48946479 3.2857237 0.85793823 336.83331
-14.518101 3.4547751 1.0142765 5
-14.53952 3.6490982 1.0172309 7
-14.69475 4.0741506 1.03146 9
-14.669983 4.3598099 1.0325943 11
-14.688167 4.6613207 1.0370765 11
-14.682033 4.8586135 1.0389576 7
-14.67232 5.0561295 1.0407311 7
-14.758103 5.4947143 1.0522356 7
-1.4227005 5.7675343 0.89887917 18.5
-1.3062469 5.7482543 0.89024633 34
-0.54887879 5.7804008 0.86541015 41.5
-0.88228297 5.8410974 0.88551211 21
-0.6967532 5.8174176 0.87546027 27
-0.45122328 5.904253 0.88099015 15
-0.95723522 6.2494931 0.78139353 7
-0.40444669 6.3082466 0.93958992 28
0.5185588 6.9070954 0.83333045 14
-4.4726391 8.0589495 0.97972155 13
-4.2850204 8.06703 0.96837884 21.5
-4.0952916 8.0652294 0.95633286 15
-3.9146371 8.0739517 0.94612455 23
-3.6777184 8.0851135 0.93317837 30
-3.3818684 8.0841599 0.91644478 25
-0.96137255 -13.485409 1.140138 7
-1.8442256 -6.111701 1.1916443 8
-1.6658785 -6.1525431 1.1875105 9.666667
-1.5289 -6.1432724 1.1776853 5
-4.299818 -2.8261764 1.1880865 48.5
-4.3137469 -2.6859705 1.1738075 51.666664
-4.9864311 -2.4634445 1.217337 8
-4.9331222 -2.5131235 1.2116483 6
-4.3187199 -2.5255096 1.1560037 54
-8.1560497 -1.8315959 1.1901575 7
-4.4777646 -1.6505286 1.1628739 35.5
-4.2770514 -1.668787 1.1795619 62.5
-4.0981941 -1.6575117 1.1355176 80
-3.8341227 -1.6994696 1.1872016 24.208334
-3.0432336 -1.646836 1.163499 16.625
-1.9263499 -1.5973785 1.0831294 795
-1.0265218 -1.6442094 1.135062 845.8056
-0.87839335 -1.6439645 1.1220548 973.02588
-0.67682779 -1.6325722 1.1219234 989.71521
-0.54995686 -1.6363516 1.1227932 941.33331
0.17957374 -1.6085654 1.0989574 920.6944
0.26327884 -1.6064489 1.1036534 955.6333
-2.2829411 -1.5881548 1.1267977 408.16666
-2.0969999 -1.5865644 1.1409374 526.08331
-1.860461 -1.5735548 1.1274589 532.58331
-1.6809391 -1.5681378 1.1333705 496
-1.4874281 -1.5671262 1.1301655 787.87775
-1.2610357 -1.5631076 1.1464132 1002.0416
-1.1043068 -1.5583687 1.1194422 433.33334
0.35521796 -1.5232934 1.0859926 503.91669
0.45166206 -1.4856782 1.1060758 895.45001
-4.2358685 -1.3015364 1.1383681 23
-4.1638422 -1.3783321 1.1265025 76.5
0.47014713 -1.2772714 1.1000133 471.79166
-7.0728693 -1.1254442 1.2080009 35
0.46744791 -1.1070673 1.0740235 388.60001
0.46483412 -0.96519589 1.0337082 434
0.66472691 -0.80957264 1.002885 481.5
0.60704213 0.96479565 1.0205833 573.03174
-2.4335797 1.1740682 1.1196927 559
0.60479158 1.1103475 1.0785662 583.95001
0.61755478 1.1383026 1.1585326 630
-2.4249809 1.3204261 1.1031567 577.96661
0.59962636 1.3062582 1.0786829 660.56665
-14.616428 1.4286972 1.3458084 8
-2.4161913 1.4880828 1.1321268 507.23331
0.59788752 1.5193328 1.0731685 589.25
-14.60927 1.7003685 1.3459393 9.5
-2.4003797 1.6973075 1.1290426 438.29999
0.59701717 1.7096082 1.0979676 557.29163
-14.602556 1.9729146 1.3464611 6
-2.3881135 1.8671291 1.1197701 376
-2.376992 1.9544841 1.1358701 343.33334
0.58656305 1.8793676 1.0640085 528.25
-14.615758 2.1578608 1.3486767 9
-2.3842196 2.0372882 1.1557219 313
-2.3672364 2.1338522 1.129478 384.66669
0.58766562 2.072623 1.0982633 447.375
-14.644315 2.346267 1.3524929 11
0.5829277 2.3221743 1.0757673 344.75
-14.662595 2.5343394 1.3555418 6
0.56825882 2.5129313 1.0833046 365
-14.635381 2.7152076 1.3545583 8
0.55205423 2.6088345 1.1631724 352
-14.49483 3.1523921 1.3461289 5
0.58882821 3.0470524 1.0903367 110.33334
-14.482064 3.2429044 1.3459988 8
0.3997201 3.2969923 1.0803734 252.75
0.50332177 3.2806592 1.0775025 267.5278
0.38874701 3.5364547 1.1573169 80
-14.531629 3.6311209 1.3553277 9
0.37207615 3.7250631 1.0678153 46.5
-14.615128 3.8433657 1.3657873 6
0.34850585 3.9460018 1.0789287 14
-14.68292 4.1519341 1.3765095 5
-14.673477 4.2467709 1.3771812 6
-14.641486 4.5315042 1.3791419 7
-1.3060889 5.5829554 1.0024596 46
-1.0093379 5.7216487 1.0108582 38
-0.86798751 5.7653561 1.088477 47
-0.67719591 5.6745806 1.0638733 62.75
-0.50443524 5.7121277 1.0650814 59.833336
-0.35918316 6.9302287 1.0306486 37
-6.8947697 7.9350519 1.1506107 11
-6.769321 7.9866524 1.144073 14
-6.4522591 8.0029583 1.1196215 28
-6.277451 7.9848242 1.1043466 12
-6.1312909 7.9991155 1.0939778 26
-5.9696641 7.9895272 1.0807137 25
-6.6252785 8.0141535 1.1343894 14
-5.8343763 8.0117397 1.0721186 30
-4.6573586 8.0220175 1.2016087 26
-4.4775205 8.0496998 1.1906114 18
-4.2972679 8.0721626 1.1793838 19
-4.1175909 8.0898552 1.1681269 24.5
-3.8641677 8.0760841 1.1486578 22.5
-3.6757977 8.0606346 1.134045 20
-3.56709 8.0835457 1.1293346 22
-3.3489227 8.1231775 1.1196837 18
-3.0464792 8.0845251 1.0968062 20.5
-1.8046719 -6.173543 1.3684911 17
-1.6556623 -6.1522918 1.3537533 6
-1.5356332 -6.1563268 1.3466636 16
-4.2952394 -2.8249891 1.3882319 68
-4.3095388 -2.6850564 1.3715025 52.666668
-7.1663818 -2.5070984 1.4647517 13
-5.091187 -2.4308274 1.3755584 7
-4.9207149 -2.4620395 1.3412777 9
-4.3159556 -2.5432115 1.3533303 67
-8.0697737 -1.8510121 1.3986368 12
-3.9177446 -1.8129536 1.3951958 9
-4.4140563 -1.6545817 1.3355989 62
-4.2400403 -1.6479918 1.4092844 45
-4.0887933 -1.6475551 1.3653591 50.5
-3.8901553 -1.6556784 1.3655304 29.055555
-3.0373073 -1.6342187 1.3524064 17
-2.2433386 -1.595871 1.3591124 368
-1.0229043 -1.6404868 1.3401045 657.02783
-0.87611783 -1.6394917 1.3201685 908.4375
-0.67688787 -1.6333762 1.3214432 840.40875
-0.55774558 -1.629815 1.3204221 798.33331
-0.36350378 -1.6271598 1.4068772 63
0.18431032 -1.613929 1.2924877 862.22217
0.26529536 -1.6136161 1.2993611 841.33331
-4.1589899 -1.4084949 1.3008652 44
-3.0453131 -1.5925757 1.3972363 26
-2.2903295 -1.5806751 1.3335842 217.75
-2.0541806 -1.5778641 1.3597862 443.91666
-1.8795507 -1.573437 1.3257693 520.125
-1.6602677 -1.5680214 1.3455288 584.56665
-1.459215 -1.5634242 1.33372 798.39996
-1.2771461 -1.562686 1.3256648 858.20001
-1.091181 -1.5587122 1.3200997 243.51111
0.35838157 -1.5165377 1.3037488 446.11111
0.46169239 -1.4722512 1.3204749 712.77502
-4.2462912 -1.3126367 1.3772806 19
-4.1581769 -1.3702559 1.3559852 80
0.4744468 -1.3251683 1.2643707 377.16669
-7.0432782 -1.0787226 1.3719041 10
0.46620697 -1.1862302 1.2377778 429
-2.4264398 1.19181 1.3197238 561
0.6142869 1.1759239 1.2235084 642.375
-2.4169552 1.2957792 1.2975355 426.60001
0.61122924 1.3289396 1.2853341 599.54169
0.62036973 1.2894422 1.2840908 606
-2.4068539 1.5096714 1.2985946 458.77774
-2.3565254 1.5225694 1.3654139 322.5
0.60718548 1.4942825 1.2803456 568.83331
-2.3902678 1.661383 1.3287579 292.30002
-2.3303108 1.674458 1.3515043 168
0.60425627 1.6934421 1.2859994 511.875
-2.3850954 1.8594518 1.3336003 350.16669
-2.3736687 1.8695362 1.3324175 350.75
0.59935743 1.920323 1.2563844 441.33334
-2.3469625 2.0924716 1.3382051 239.86665
0.58890516 2.0894954 1.2471212 431.125
0.58949971 2.3015969 1.2885396 320.625
0.57201976 2.5275104 1.2846005 308.33334
0.59533006 2.9581611 1.2281327 150
0.5860219 3.050915 1.2673366 71
0.41465601 3.2954099 1.356774 216
0.50967258 3.2962716 1.2676749 218.75
0.3886475 3.4204326 1.3114358 81
0.37897703 3.7947178 1.3464808 68
0.37371111 3.8272672 1.2523552 51
0.35294354 4.0687246 1.2214535 17
-14.68467 4.6439095 1.3849802 12
-14.697608 4.8474002 1.3898911 9
-14.723768 5.0574102 1.3962774 6
-14.735725 5.2647653 1.4015422 9
-14.719591 5.4638071 1.4043512 10
-0.44631651 6.9501748 1.2009361 24
-0.31821936 6.9519825 1.1981341 21.5
-7.1942768 7.9640684 1.424323 10
-6.8811355 7.954309 1.392478 11
-6.6902847 7.9780049 1.3760999 10
-6.5286202 7.9822059 1.3610033 9
-6.2980976 7.9958458 1.3405746 8
-6.0660515 8.0004663 1.3195413 13
-5.9227538 8.0139122 1.3078161 6
-5.7748375 8.0178061 1.2949396 16
-4.2079792 8.0592403 1.4119035 22
-4.0847464 8.0629187 1.4019079 24
-3.9026918 8.0684042 1.3875632 21.5
-3.6710072 8.0902548 1.3719643 23
-3.1881142 8.0550203 1.3310276 25
-3.0871537 8.0885248 1.3285668 28
-0.98636323 -13.465211 1.4950982 11
-1.8641757 -6.1444588 1.5265929 6
-1.5410854 -6.1540966 1.5041825 8
-4.3003683 -2.8189721 1.5920678 26.5
-4.3123074 -2.6776166 1.5721816 31.166668
-5.027648 -2.4538448 1.5857202 10.25
-4.9037986 -2.4878705 1.5587803 9
-4.3185768 -2.5358174 1.5512952 44
-6.5585961 -2.2890179 1.5223057 9
-14.318295 -2.0144815 1.7247815 8
-6.1427307 -2.135035 1.5868623 6
-7.2115912 -1.9334079 1.6360466 9
-7.0102506 -1.925725 1.5929486 13
-6.6437087 -1.9576064 1.5175208 11
-3.9699745 -1.8374248 1.6554369 7
-4.5009289 -1.6322006 1.6129193 17
-4.3160815 -1.6405637 1.5554533 41
-4.0337224 -1.6342219 1.5867712 45
-3.853797 -1.6594784 1.5875703 33.333332
-3.0515137 -1.6330888 1.5582166 16.416668
-2.243675 -1.5931894 1.4482965 280
-1.0108519 -1.6285746 1.5549791 470.80554
-0.89449328 -1.637257 1.5113863 615.40479
-0.67550915 -1.6215461 1.5363606 468.57635
-0.4723936 -1.627589 1.5145539 678.125
-0.25476766 -1.6183164 1.5396495 615.48151
-0.081155643 -1.6144078 1.5148201 725.28516
0.11705262 -1.6121154 1.5093821 712.23334
0.26743564 -1.6079228 1.5176467 596.39996
-4.3628154 -1.4952888 1.6171669 8
-2.274087 -1.5756201 1.5454073 205.3889
-2.0790327 -1.5790548 1.5420122 369.41666
-1.8707944 -1.5694882 1.5271189 446.36111
-1.6797994 -1.563049 1.5121634 575.83331
-1.4758776 -1.5569764 1.5330368 568.67499
-1.2784705 -1.553072 1.5141442 691.46429
-1.1055946 -1.5544682 1.5111827 323.95001
-0.11022744 -1.5841544 1.5694122 135
0.3610999 -1.5147579 1.4812609 280.26666
0.45489788 -1.5032133 1.4912422 599.91663
-7.4236665 -1.3184023 1.6507231 8
-4.1901569 -1.2856989 1.6586546 15
-4.1295428 -1.351301 1.6443123 81
-7.0863886 -1.1240182 1.5701847 32
-14.558744 1.1887188 1.7260587 10
-14.552074 1.3684057 1.7259207 7
0.61105961 1.3519231 1.4142239 525
-14.57084 1.5510473 1.7290376 7
0.61684906 1.5229086 1.4880413 419.33334
0.62637341 1.4569811 1.469942 415.5
-14.598161 1.7356435 1.7334083 14
0.61386633 1.6798676 1.4987935 422.1875
0.62262225 1.7110332 1.5721973 331
-14.590647 1.9168773 1.7338731 14
0.60674119 1.8897204 1.4631221 381.5
-14.60153 2.1011553 1.7367648 10
0.60415757 2.120404 1.4614546 312.16666
-14.628733 2.2889035 1.7418435 5
0.59385431 2.2705824 1.4700748 305
-14.642746 2.4758148 1.7455964 11
0.57804251 2.5277617 1.4511724 279.83334
-14.613335 2.6559577 1.7444042 13
0.57430381 2.6639159 1.531468 167
-14.50737 2.9137919 1.7356731 9
-14.419692 3.1738999 1.7295793 11
0.59059817 3.0901148 1.4694209 60
0.62302333 3.0556076 1.5526967 115
0.40744701 3.28859 1.4528869 202
0.51644105 3.2984397 1.5108689 275.625
-14.444746 3.5537167 1.7393982 8
0.39422947 3.5046253 1.4955374 113
-14.56747 3.7743242 1.7580202 8
0.34199303 3.7172039 1.47588 161.25
0.35048661 4.0053277 1.4208871 8
-14.720933 4.2026858 1.7850899 7
0.3840667 4.0315242 1.5458457 22
-0.71764338 5.6653547 1.5776945 46.5
-0.50823212 5.679635 1.5720519 77
-1.1726397 5.8844099 1.5096409 27
-0.62341106 5.9286489 1.4911599 28
-0.44396999 6.9638543 1.471408 24.75
-0.32651275 6.9693861 1.4695957 27.75
0.085452661 6.9823604 1.5507298 14
-1.7096177 7.3499379 1.517772 35
-1.5211735 7.3537788 1.5074635 28
-1.2895069 7.3658772 1.4975587 24.333334
-8.342452 7.9686127 1.5434487 5
-8.1733484 8.0012846 1.5282171 7
-6.5814734 7.9756088 1.639323 21
-6.4225335 7.9806566 1.6221157 16
-6.2699585 7.9900012 1.6063453 21
-6.1145301 7.9920998 1.5896606 25
-5.8878927 7.9964123 1.5659375 20
-5.6623859 7.9949369 1.5421098 11
-5.4613762 8.0199795 1.5245734 14
-5.2618184 8.0416813 1.507228 16
-5.0550933 8.0448532 1.4874468 18
-4.8472714 8.0394888 1.4669355 26
-4.6519632 8.0466566 1.4497299 22.5
-4.4602952 8.0541849 1.4333351 16
-4.332202 8.0546103 1.4220706 19
-3.9170754 8.1003246 1.6071138 14.5
-3.6757042 8.1026602 1.5857118 18.5
-3.4394782 8.104867 1.5656971 15
-3.2598689 8.0929756 1.5489305 12
-3.0895183 8.0966206 1.5359753 22
-2.928086 8.1193514 1.5272446 22
-1.8202174 -6.1326675 1.7735505 19
-1.7005675 -6.1547308 1.7687434 18.166666
-1.5521927 -6.1498647 1.6727229 10
-4.2931857 -2.831048 1.8022487 21
-4.3187528 -2.6979606 1.785027 25.333334
-4.8284512 -2.418149 1.747205 7
-4.3226013 -2.5182097 1.7538782 29
-6.1094556 -2.1507368 1.7533109 11
-4.0338268 -1.8973149 1.6870739 6
-4.2601309 -1.6423405 1.7941637 43.25
-4.0675287 -1.6378436 1.7862904 29
-3.8524899 -1.6698554 1.7701101 26.25
-3.7387631 -1.6732708 1.7841698 7
-3.5214798 -1.6110308 1.8043932 7
-3.3423734 -1.6174979 1.7295473 5.5
-3.0435348 -1.6301287 1.7094892 10
-2.8517566 -1.6027532 1.7257464 10
-2.6983376 -1.6070906 1.7034557 11.75
-2.4837406 -1.6319296 1.6570543 8
-1.0326425 -1.6154892 1.7227874 168.25
-0.83382565 -1.6126044 1.6372116 306.60001
-0.61676276 -1.6206238 1.630392 287
-0.46786702 -1.6207001 1.6309505 296
-0.30473405 -1.6101998 1.6259888 471.83334
-3.0705106 -1.5811808 1.7661 14
-2.421648 -1.5724413 1.7132701 11
-2.2476192 -1.5682303 1.7169455 192.66667
-2.0742321 -1.5711474 1.7189711 297.63889
-1.8829809 -1.5630879 1.7090837 353.83334
-1.6810697 -1.5625687 1.7332565 345.76251
-1.4706839 -1.5523316 1.7425507 442.99448
-1.2712033 -1.5490615 1.7212894 435.4722
-1.0925536 -1.5439175 1.7040648 247.58333
-0.89160502 -1.5630233 1.6607839 51.428574
-0.70056868 -1.5572605 1.6555181 48.08889
-0.48513573 -1.5730228 1.6386718 50.700001
-4.2973523 -1.3121538 1.8305159 13
-4.1463509 -1.3506314 1.7763618 42.5
0.62442935 1.5797296 1.6248391 316
0.61698401 1.7312354 1.6682893 296.5
0.62639809 1.7104778 1.6452587 287
0.61827999 1.8940434 1.7161584 242.33333
0.61158878 2.0799232 1.6854624 243.77777
0.60626364 2.3112199 1.6714863 200.33333
0.59244603 2.5148377 1.668746 195
0.56710619 2.6164598 1.5864472 198
0.59920144 3.0948744 1.7197574 38.25
0.62831068 3.0917315 1.6656826 131
0.42190596 3.3002286 1.7615378 177
0.51549828 3.2977729 1.7156596 217.45834
0.39563242 3.458596 1.6285818 100
0.33152249 3.6881137 1.6812754 92.25
-14.691216 4.3901334 1.7861382 7
-14.698298 4.7886982 1.7971561 6
-14.687635 5.0864992 1.8042109 8
-14.716664 5.4022913 1.8168235 6
-1.2744062 5.5913882 1.5934999 34.5
-1.1693481 5.6045318 1.5890828 46
-0.40680963 5.5782466 1.6897862 6
-14.690861 5.7021766 1.8233392 8
-1.0782716 5.6907678 1.6060098 38
-0.8996681 5.6946511 1.5957607 37.666668
-0.61630887 5.7049527 1.583619 76
-0.51641178 5.6473918 1.7151442 18
-0.44946763 6.9133115 1.7297415 23
-0.26073024 6.9766054 1.7402748 32.333332
-0.047063209 6.9970183 1.7408665 29
0.12408332 6.9806733 1.734427 27.5
0.33940399 7.0054917 1.7391379 19
0.4249877 6.9972301 1.7369705 11
-1.6400727 7.3117557 1.6916046 18
-1.5036919 7.3328896 1.6876453 18
-1.3136317 7.31247 1.672102 21
-1.0818446 7.3017392 1.6577321 23.333334
-0.85626638 7.3211498 1.6518018 31
-0.72938138 7.4158649 1.6677692 18
-8.2930145 7.9481688 1.8410081 11
-8.0096512 7.9652066 1.8073531 8
-7.8063054 7.9560847 1.7813733 15
-7.6296763 7.9695654 1.7612811 8
-7.4444656 7.9698129 1.7390085 10
-7.2717228 7.9791265 1.719451 11
-7.1057882 7.9920464 1.7013404 13
-6.9367623 7.9976234 1.6823126 16
-6.761025 7.9912152 1.6614286 18
-6.0807638 8.0522976 1.833537 6.5
-5.8608818 8.0660563 1.808879 12
-5.7098827 8.0645857 1.7908016 15
-5.4915881 8.0667934 1.7657915 15.5
-5.2760592 8.0659323 1.7411879 18
-5.0681596 8.0680723 1.7185147 20
-4.854641 8.0540752 1.6933984 17
-4.6558695 8.0557585 1.6727835 17
-4.4661922 8.0671253 1.6550466 11
-4.2730122 8.064641 1.635497 21.5
-4.0946078 8.0846205 1.6212875 18
-3.4790647 8.0831442 1.7957319 29
-3.3065588 8.088954 1.7806426 25.5
-3.0801327 8.0968513 1.7617733 31.5
-2.9181051 8.1177893 1.7517492 29
0.14974445 -5.4908376 2.017643 14
0.13329068 -4.4417286 2.017436 25
0.14386988 -4.1675506 2.0147996 83
-4.2813349 -2.814816 1.9387954 36
-4.2928915 -2.687531 1.9900483 33.25
-4.8521523 -2.4681129 2.0622196 9
-4.3759036 -2.5048847 1.908744 11
-4.3035502 -2.5304651 1.9618312 34.5
-14.28373 -1.8452644 2.0492105 7
-3.1604667 -1.8075786 2.0342929 10
-14.270283 -1.7544038 2.0453649 8
-5.1343241 -1.7862101 2.0598083 9
-4.7318697 -1.707859 1.9782254 13
-4.3919435 -1.6433288 1.9110655 33
-4.2741642 -1.6340866 1.9946851 52
-4.0233665 -1.6290857 1.9575217 45.5
-3.7151496 -1.6168199 1.888554 13
-3.0423975 -1.6171267 1.9246402 18
-2.9687293 -1.6254449 1.8902177 8
-2.4400311 -1.6047822 2.036166 5
-2.3536279 -1.5900593 1.9796484 21
-1.0880413 -1.6932158 1.9591975 19
-14.323243 -1.49314 2.0476701 8.5
-5.2891569 -1.4813915 2.0810835 18.333334
-3.7565401 -1.5798826 1.899628 9
-2.2563772 -1.5636042 1.9208663 134.38889
-2.0880001 -1.5631231 1.9198977 205.77777
-1.8680838 -1.5569297 1.9381917 220.96667
-1.6567144 -1.5468286 1.9530479 237.33333
-1.4774175 -1.5477945 1.9348655 260.9111
-1.2798878 -1.5390142 1.907593 277.19446
-1.1312779 -1.5394725 1.8626615 232
-5.3180494 -1.2793493 2.0719719 14
-4.2074008 -1.2933891 1.9851201 17.5
-4.1353631 -1.3556137 1.9628638 42
-14.506599 -1.1526049 2.0677106 9
-5.372457 -1.0149033 2.0702858 9
-5.3497958 -1.113626 2.0694745 19.5
-14.546309 -0.88613504 2.0694826 6
-5.3824816 -0.91402942 2.066977 17.5
-5.3668227 -0.80939519 2.0544 12
-14.544356 -0.70664686 2.0669618 11
-5.354948 -0.7066251 2.0441077 10.5
-5.0448585 -0.65730941 2.0718298 11
-5.365243 -0.54009509 2.0399332 19
-14.57868 1.4479287 2.0668552 6
-14.609745 1.7236365 2.073509 7
0.62775183 1.7728846 1.8033806 215
-14.606984 1.9057442 2.0750067 8
0.61922181 1.944539 1.8571645 176.33333
0.62681866 1.8404503 1.8657241 162
-14.611057 2.1809175 2.0788765 12
0.61525655 2.1409788 1.8762392 161
-14.579422 2.3597636 2.0769465 6
0.61007053 2.3154585 1.8645161 149.33333
-14.575844 2.5434449 2.0793087 10
0.60141957 2.5465276 1.8859422 130
-14.56606 2.7266629 2.0810792 12
-14.501007 2.9922266 2.0770628 12
0.61647236 2.8299534 1.9205128 87
0.64436263 2.9918945 1.9318752 68
-14.423678 3.1615906 2.0698555 7
0.59092945 3.0899096 1.8684759 38
0.62867582 3.0827544 1.8679758 82
-14.399249 3.2491128 2.0683985 9
0.55688906 3.3055911 1.8313682 135.125
0.40681705 3.5247905 1.8803513 70
-14.435491 3.6324377 2.0826297 7
0.39024723 3.6842682 1.8532506 35
-14.521119 3.8444138 2.1000147 8
-14.676541 4.2743263 2.1336412 7
-14.693934 4.5749264 2.1453989 5
-14.68076 4.6699858 2.1467161 6
-14.652574 4.8601313 2.1493235 8
-14.664536 5.1661053 2.1618593 7
-14.692252 5.3797717 2.1736052 9
-14.684095 5.4793558 2.1763594 7
-0.40782231 6.968771 1.9227744 16
-0.27953598 6.9721022 1.9199758 19.5
-0.066010222 6.9987464 1.9226071 17.333334
0.14818701 6.9913158 1.9175562 26
0.48446882 6.8937893 1.8898453 10
0.36367455 7.0119004 1.9220893 6
-1.5560654 7.3363791 1.8901566 23
-1.2736613 7.3214593 1.8686297 22
-1.0423049 7.3130279 1.8537371 19.5
-0.90444177 7.3056226 1.8451251 12
-7.8086276 7.9615765 2.048192 16
-7.634356 7.9775386 2.0260112 11
-7.4494748 7.978199 2.0007868 12
-7.2756724 7.9864388 1.9783047 9
-7.1080279 7.9975009 1.9572958 20
-6.9399304 8.0041676 1.935954 9
-6.5971541 7.997385 1.8906604 14
-0.67921537 7.9018908 1.7739544 6
-6.4450331 8.0113583 1.8731833 12
-6.2905388 8.0189323 1.8548316 11
-5.4836864 8.071559 2.0211301 15.5
-5.2604308 8.0587912 1.9904243 9
-5.0509171 8.0578394 1.9641484 14
-4.8430347 8.0524673 1.9379199 21
-4.6423907 8.0505896 1.9138747 25.5
-4.4542499 8.0642567 1.8945214 23
-4.2641153 8.067215 1.8737983 20.5
-4.0849986 8.0856018 1.8575468 24
-3.9019048 8.0895443 1.8390181 26.5
-3.6594386 8.0884581 1.8142712 21
-3.2903554 8.0917587 1.9961721 13
-3.0603127 8.0896406 1.9730415 16
-2.8471234 8.1229696 1.9601105 16
-0.98507768 -13.542653 2.1757624 7
-0.27484521 -7.2594051 2.0841594 11
-1.8681519 -6.0865264 2.1941693 8
-1.7032499 -6.0311136 2.1577866 10.333333
-1.3245023 -5.7904191 2.2058167 7
-1.107415 -5.8225832 2.1977675 17
-0.88583446 -5.8203993 2.1799037 27
-0.66657096 -5.8157434 2.164109 45.666668
-0.44997203 -5.8128281 2.1520052 48.666668
-0.27383435 -5.8876281 2.1727245 13.5
-0.091924302 -5.8391585 2.1498809 19
-1.67558 -5.6891909 2.2076614 24.666666
-1.4639257 -5.7451043 2.2038038 19
-1.2101438 -5.7789574 2.1909704 19
-1.0231464 -5.7650638 2.1699505 27
-1.3898127 -5.4262619 2.2428946 19
-1.3260522 -5.4559183 2.2472565 22
-1.0518072 -5.493516 2.2346609 18
-0.84772408 -5.5247736 2.2299693 21.666666
-0.64307696 -5.5512433 2.2263384 20.666666
-0.40321821 -5.5692396 2.2206378 21.5
-0.26535726 -5.5638571 2.2129807 23
-0.093667701 -5.527441 2.1935368 23.333334
0.061984126 -5.4815588 2.09272 26
0.28132105 -5.4786477 2.090661 24.25
-0.27353519 -5.2349229 2.2303648 70
-0.079813957 -5.203589 2.2111499 42.5
0.17396566 -5.3850865 2.1330831 12
-1.4460764 -5.0296917 2.245219 29.5
-1.0686934 -5.1126795 2.2352424 37.5
-0.84397548 -5.1324563 2.2223225 49.333332
-0.079282112 -5.180078 2.200938 44
0.11157697 -5.1693397 2.1935029 45.666668
0.2706345 -5.1664362 2.1919906 42.5
-0.78262609 -4.8241143 2.2355943 31
-0.48311105 -4.8504887 2.2248852 7
-0.063874699 -4.86133 2.2121077 34.666668
0.085651062 -4.8599954 2.2090065 49.5
0.26357374 -4.8301778 2.1952083 35.5
-1.4241529 -4.664433 2.2410109 37
-1.2900566 -4.7053862 2.2401407 33
-1.0752053 -4.7548141 2.2347388 32
-0.92543036 -4.7704659 2.2252195 33.5
-1.2048988 -4.4028182 2.2297242 48
-1.0706482 -4.4461074 2.2317944 42
-0.87469643 -4.4706798 2.2200742 51.25
-0.6760534 -4.4703665 2.2000268 53.666668
-0.48319227 -4.4993181 2.1988368 61
-0.26078638 -4.5103817 2.1914997 49.75
-0.066369459 -4.5289898 2.1936584 47.333332
0.11864809 -4.5031157 2.1784647 48.666668
0.26796168 -4.5261989 2.1898789 40
-1.3155825 -4.3801618 2.2357273 27
-0.67089057 -4.2232904 2.2197051 36.5
-0.4621501 -4.2506633 2.2158461 33.75
-0.25172204 -4.2595797 2.2076428 36.25
-0.068538055 -4.2872071 2.2150619 42.666668
0.10670329 -4.2563643 2.1964238 45
0.24616678 -4.2497525 2.1931794 44
-1.0844654 -4.1404152 2.2285821 39.75
-0.8746236 -4.1680975 2.2141023 33
-0.080605239 -4.0025053 2.1897316 58.5
0.12767097 -4.0877695 2.1696475 71
-1.178064 -3.8439114 2.2180283 72
-1.0575203 -3.8729291 2.2131231 51.25
-0.8641845 -3.9150553 2.2068915 63.75
-0.66894931 -3.9458716 2.1996164 90.75
-0.4735162 -3.9717681 2.194937 85.25
-0.23367244 -3.8865449 2.1996734 58.375
0.26217395 -3.9680891 2.1685381 50.5
-1.0358695 -3.6264615 2.2136314 50
-0.85495365 -3.6698506 2.2085283 59
-0.67256665 -3.7053115 2.2039871 56
-0.46750143 -3.7472146 2.2065217 53.400002
-0.28244662 -3.7679574 2.2042253 55.333332
-0.07302995 -3.7654142 2.1931217 68.25
0.13534345 -3.759943 2.1870599 67.800003
-1.0240827 -3.4284425 2.2124596 64.5
-0.87061214 -3.4513505 2.1985149 73.599998
-0.65651268 -3.5003221 2.195828 99.599998
-0.46068665 -3.5256302 2.1885328 104.25
-0.26433697 -3.5406482 2.1817989 101.8
-0.06770695 -3.5434082 2.1739008 97.75
0.12882186 -3.5435731 2.1713033 89
0.26217371 -3.5734224 2.1912315 38
-0.99430716 -3.2073464 2.2058847 66
-0.8587268 -3.262279 2.2138805 65.599998
-0.44390976 -3.2761512 2.2148898 43.099998
-0.26554802 -3.3691967 2.2065618 65.25
-0.077541225 -3.3539839 2.1866775 80.400002
0.12860146 -3.3456321 2.1780274 97.599998
-0.85336417 -3.0704103 2.1964397 90.199997
-0.47460145 -3.0870736 2.2099669 27
-0.19503194 -3.0952601 2.1886528 50
-0.070779368 -3.0847497 2.1749241 100.7
0.11925729 -3.081461 2.1697693 100.45
0.23358519 -3.1488237 2.153966 73
-4.2647061 -2.7990968 2.1502273 20.5
-0.84902334 -2.8807409 2.1980484 81.75
-0.5154708 -2.8915596 2.19261 52.125
-0.23127198 -2.8513377 2.1809065 55
-0.066333108 -2.8520958 2.1710978 123.8
0.13508485 -2.9151535 2.1649439 103.5
-4.2803063 -2.6645033 2.197387 38.666668
-4.0307937 -2.6066442 2.2378702 10.5
-0.79567695 -2.6629493 2.1934588 104.75
-0.66938198 -2.6896143 2.1852462 112.25
-0.47034007 -2.66274 2.1926365 104.66666
-0.27186453 -2.6897089 2.1877525 105.33334
-0.072401315 -2.6988668 2.1802475 120.16666
0.12404826 -2.6854925 2.1661792 128.83333
-7.0462618 -2.529299 2.223423 8
-4.2938566 -2.492039 2.1639583 30
-4.0964675 -2.4903734 2.2355733 11
-3.7434568 -2.427356 2.2117255 13
-0.80693066 -2.5669887 2.1886613 77
-0.44889608 -2.5215824 2.1718118 124
-0.26140788 -2.5502555 2.1695049 149.16667
-0.072105661 -2.5615261 2.1640687 142.66667
0.11710446 -2.555671 2.1558545 130.66667
-4.151597 -2.3854496 2.2330506 18
-3.8434691 -2.2941451 2.2195725 18
-3.6852391 -2.2894282 2.2201183 14.5
-3.5055907 -2.2647486 2.2047131 10.5
-4.0042315 -1.8814634 2.1947308 19
-3.8563919 -1.8960612 2.2007248 9.5
-3.6646926 -1.8546522 2.1707664 5
-3.0519037 -1.8225871 2.1687145 28.333332
-2.9116642 -1.8635921 2.1640546 31.666666
-1.067081 -1.8269167 2.123719 79
-4.8571091 -1.6845479 2.1693299 9
-4.7351351 -1.7110817 2.1958549 19
-4.5075312 -1.6377991 2.2377656 25
-4.3183336 -1.62992 2.1532464 25
-4.1166778 -1.621824 2.128787 39.5
-3.8572946 -1.6597822 2.1513882 20.583332
-3.6239746 -1.6208016 2.2203414 53
-3.4671717 -1.6458535 2.1459968 7.3333335
-3.264956 -1.608146 2.2215059 54
-3.0368357 -1.6234645 2.1016629 15.666667
-2.7822514 -1.598783 2.1331394 10
-2.700098 -1.6954781 2.1194296 18.666666
-2.4837716 -1.5898055 2.0564253 11
-4.9094253 -1.4353427 2.1576204 26.5
-2.8632247 -1.5747837 2.1728077 37.5
-2.6759634 -1.5750437 2.1668684 66.333336
-2.4588859 -1.5693967 2.1504438 53.666668
-2.2130613 -1.5603642 2.1616313 131.5
-2.0731637 -1.5593721 2.1221237 142.77777
-1.8829991 -1.5507926 2.1049752 164.33333
-1.6884331 -1.5473504 2.1307473 135.45834
-1.5058914 -1.5410861 2.1084116 157.45
-1.347115 -1.5325105 2.0531542 158
-4.9816084 -1.2226055 2.090795 10.5
-4.9135509 -1.3222387 2.1460352 25.5
-4.2557225 -1.3028493 2.2079468 16
-4.1286302 -1.3482484 2.1544278 47.5
-5.062974 -1.0779482 2.1097283 8
-4.8762779 -1.1071296 2.1799879 35
-5.0795093 -0.8865754 2.1008918 14.333333
-4.8794012 -0.88807398 2.1615624 45.75
-4.7217627 -0.89798498 2.2414584 11
-4.4311118 -0.86161393 2.2385728 6.5
-4.1715164 -0.82974619 2.2477064 8
-2.4463472 -0.88304812 2.238492 27
-5.0560455 -0.75421506 2.0821915 8
-4.8867393 -0.67267346 2.1489654 39.666668
-4.6877275 -0.67538542 2.2077777 9.5
-4.4029317 -0.6595121 2.2069831 12
-4.1997151 -0.72771072 2.2522686 11.333333
-4.4919772 -0.55994439 2.2436457 7
0.62892038 2.0035059 2.0183814 108
0.62853396 2.1219494 2.0677531 107.75
0.62199187 2.3293223 2.0850675 107.33334
0.61783177 2.485353 2.1092877 80.333336
0.61351854 2.6671171 2.1455536 64
0.60945523 3.0859768 2.037699 31
0.52235103 3.315521 2.0605686 126
0.38071591 3.6899145 2.0909407 62.666668
-14.663002 5.6777534 2.1814249 5
0.55856675 6.5121164 2.136168 13
-0.42216742 6.9594817 2.1072159 22
-0.29412809 6.9645853 2.1047702 27
-0.08088772 6.9917736 2.1079628 20.666666
0.13257186 6.9632435 2.0961783 12
0.34703833 6.9813347 2.1005325 6
0.46948406 6.8934903 2.0743563 13
-8.2826548 7.9414043 2.1127481 12
-7.9927063 7.9515386 2.0727558 13
-7.0913754 7.992928 2.2346272 12
-6.9134784 7.9879727 2.2073255 13
-6.668736 7.9979744 2.1728907 14.5
-6.2723656 8.0108299 2.1180832 20
-6.4374714 8.0168419 2.1423981 15
-6.0448818 8.0200405 2.0878971 22.5
-5.829411 8.0384531 2.0614312 23
-5.691484 8.0545702 2.0455801 14
-5.2496405 8.0756979 2.2309489 6
-5.0465264 8.0849133 2.2046833 9
-4.8142595 8.0388861 2.1646924 22
-4.6894388 8.0530996 2.1510079 15
-4.4958868 8.0579481 2.1271338 15
-4.2440367 8.0656815 2.0973916 15.5
-4.0606689 8.0748529 2.0772092 15
-3.871202 8.0641842 2.0531428 15.5
-3.6419873 8.0899448 2.032773 13
-3.475404 8.1160059 2.0202124 11
-2.8503244 8.1137648 2.1864789 28.5
-0.83838516 -11.578257 2.4408815 9
0.33103156 -7.878118 2.253104 33
-0.51114649 -5.6181855 2.2452631 14
-1.6353605 -5.4040141 2.2643521 22.5
-1.5035943 -5.4495883 2.2652738 29
-1.2271036 -5.4884815 2.2494888 24
-0.66296023 -5.233252 2.2509027 46.666668
-0.46983582 -5.2583203 2.2495728 58.666668
-0.27403715 -5.244627 2.2346878 58.5
-1.5467305 -5.0280609 2.2582743 28
-1.2967062 -5.095921 2.2536519 33.666668
-0.24998543 -4.9888339 2.2761393 7
-0.84395111 -4.825387 2.2418189 49
-0.66840702 -4.877521 2.2502797 8.333333
-0.45974898 -4.9260221 2.2581108 7
-0.18779136 -4.9710274 2.2657032 10
-1.4897211 -4.6721511 2.2543175 16
-1.2575951 -4.7394223 2.2505462 28
-1.2432698 -4.1191072 2.2427099 40
-0.66383809 -3.2849166 2.2497239 25.174999
-0.40372321 -3.2647564 2.2583337 10
-0.30145442 -3.2582464 2.2444448 13.25
-0.69390905 -3.0950682 2.2492416 10.5
-0.38827813 -3.0620079 2.2496455 14.5
-0.29375356 -3.0706606 2.2463872 12.666667
-0.77207643 -2.9529777 2.2322438 14
-0.74187815 -2.9876027 2.2507715 16
-0.40869632 -2.8923006 2.2306259 36.5
-0.29534376 -2.9048269 2.227463 19.666666
-7.1235371 -2.4789722 2.4443669 14
-4.7075911 -2.3202875 2.2890768 15
-14.280737 -1.8700064 2.4322395 6.5
-14.289392 -1.6480972 2.4282653 5
-4.7984424 -1.676388 2.3723936 14
-4.630342 -1.6721876 2.4438891 15
-4.2959976 -1.6220495 2.353425 26
-4.0166001 -1.6166681 2.3560927 29
-3.8566737 -1.611632 2.338661 39
-3.7340949 -1.6149361 2.275825 53
-3.4575565 -1.599103 2.2669978 45
-3.2832429 -1.5927656 2.2865713 67.5
-3.0713668 -1.5911784 2.3013222 50.5
-14.312621 -1.4726186 2.4282513 7
-4.859868 -1.4326766 2.3645489 18
-3.7662768 -1.5744891 2.4305797 18
-3.6464822 -1.5778649 2.3652644 20
-3.4653556 -1.5021662 2.3742373 21.75
-3.2795961 -1.546054 2.4137199 35
-3.0663576 -1.5822406 2.4105725 79.5
-2.8664207 -1.5749007 2.3539264 61
-2.654177 -1.5679293 2.3380985 58
-2.4707625 -1.564551 2.3377843 69.75
-2.2463455 -1.5565523 2.3628323 75.44445
-2.0598488 -1.5500469 2.3398218 103.55555
-1.8818107 -1.5481077 2.3328686 78.833336
-1.7189069 -1.5429467 2.2638092 111.1
-14.386727 -1.3016222 2.4372039 13
-4.8623734 -1.3039455 2.3492279 17.333334
-4.1991396 -1.2808186 2.3894625 13.5
-4.1303792 -1.3441763 2.3639526 37
-3.458622 -1.2877221 2.3840168 14.875
-14.518635 -1.0439069 2.4547255 6
-4.8084474 -1.0901684 2.3730545 11.5
-4.6405902 -0.9918161 2.3541834 21
-4.0393767 -1.0199115 2.3304141 6
-3.8629246 -1.1298436 2.395977 18
-3.6715457 -1.0318702 2.3291883 9.666666
-3.4729409 -1.1126139 2.3547554 15.5
-3.233227 -1.0772465 2.3811047 22.666666
-2.9811032 -1.0006044 2.3311887 15
-2.8185222 -1.0171094 2.3261943 20
-2.7189167 -1.0639206 2.4048247 6
-2.4970639 -1.0081542 2.3185542 12
-2.2931716 -1.0279944 2.3447292 16.5
-2.1543939 -1.0265801 2.4141665 7
-4.2478156 -0.96843362 2.3031561 10
-4.0338035 -0.91302133 2.3132041 10.333333
-3.797972 -0.81071001 2.3106544 11
-3.6627433 -0.87702805 2.2992902 14
-3.4698255 -0.88011324 2.3102868 18.5
-3.2565391 -0.86425102 2.2959976 15.333334
-3.070107 -0.8767873 2.2963955 16.583334
-2.8792977 -0.9032433 2.2882304 20.200001
-2.6323118 -0.88227159 2.2858863 20.799999
-2.4708164 -0.87125838 2.2556694 28.200001
-2.259135 -0.88108629 2.262006 26.916666
-2.1321149 -0.88966852 2.3371215 16.571428
-14.546461 -0.77645248 2.4553418 10
-4.2636743 -0.6307047 2.277138 8
-4.0909324 -0.65662056 2.3907559 18.25
-3.8937643 -0.73076469 2.3571751 16
-3.6616614 -0.73349905 2.3396547 15.666667
-3.4525883 -0.7412256 2.3494041 10.666667
-3.2557395 -0.71389925 2.3277202 26.5
-3.0238047 -0.75022531 2.3090265 11.5
-2.8664696 -0.7222535 2.2944369 30.4
-2.6589189 -0.69080836 2.312876 22.25
-2.4715338 -0.71480131 2.2796426 31.916666
-2.2747426 -0.70638013 2.2817147 24.611109
-2.1393592 -0.72418445 2.2837415 34.25
-4.2746196 -0.56812739 2.3437719 9
-2.7309985 -0.58123809 2.4040332 21
-14.564343 1.196515 2.4517126 8
-14.573272 1.3778799 2.4546573 8
-14.566216 1.5581757 2.4552495 9
-14.571623 1.740257 2.4582918 8
-14.563022 1.9211576 2.4593153 5
-14.580488 2.106194 2.4651003 5
0.63098586 2.193707 2.1976614 75
-14.576118 2.2888896 2.4675431 6
0.63631833 2.3168325 2.3152664 61
-14.577243 2.4731123 2.4712739 6
0.62647921 2.4862583 2.2796311 63
-14.576991 2.7505898 2.4772162 7
0.61396307 2.6413493 2.2246161 68
-14.552176 2.8386781 2.4751656 7
0.65708882 3.0050926 2.2740295 53
-14.45628 3.1443019 2.467113 6
0.62095529 3.0852759 2.2746754 29.25
0.65848821 3.0517235 2.2020299 30
0.43113545 3.3238075 2.2308543 96
0.53782105 3.2986014 2.2922535 82.875
-14.472615 3.5698571 2.4822235 6
0.35956889 3.7024531 2.2892363 38.5
-14.622844 3.9425433 2.519084 10.5
0.11896588 3.9590206 2.3684902 98
0.3032611 3.8571913 2.1901226 16
0.075801298 4.4545875 2.3726654 127
-14.688411 4.7461529 2.560379 7.5
-14.660406 4.9871602 2.5661993 6
-14.650361 5.1855497 2.5734966 8
0.0076583549 5.3355455 2.3576641 17
-0.25641841 6.9507513 2.2873247 17.333334
-0.043488871 6.9769897 2.2909818 26
0.085073158 7.0101094 2.2999423 25
0.34160462 6.9869733 2.2909956 26
0.50840497 6.917942 2.2689443 17
0.17102559 7.0127406 2.2999732 30
-8.2805462 7.9526772 2.4149516 12.5
-8.0074892 7.9797196 2.3747222 12
-7.827651 7.9945912 2.3482845 17
-7.6101313 7.9659224 2.3101506 6
-7.4365563 7.978219 2.2850153 13
-7.271081 7.9954209 2.2621684 14
-6.7248898 7.9970355 2.4405241 14
-6.246923 8.0099678 2.3666959 13
-6.0964856 8.0181913 2.3448691 13
-5.8660197 8.016923 2.3096805 9
-5.6593437 8.0415773 2.283392 12
-5.4608235 8.0708303 2.2599833 11
-4.8343606 8.0584726 2.4206929 22
-4.6386743 8.0650797 2.3938515 15
-4.4564562 8.0897303 2.3735397 21
-4.2669258 8.0945263 2.3487766 22
-4.074656 8.0877867 2.3218086 19
-3.886764 8.0815077 2.296386 26
-3.6475594 8.0865173 2.2680655 22.5
-3.4705539 8.0885553 2.2475798 20
-3.299983 8.0989695 2.2306068 24
-3.0685618 8.0940523 2.2043073 26
-2.4935997 8.1347933 2.3781438 15.5
-14.270479 -1.9125146 2.7762022 8
-14.277458 -1.7348925 2.7725356 8
-4.804491 -1.6682715 2.525147 6
-4.4480176 -1.5968171 2.5003612 9
-4.2542987 -1.6247699 2.5494404 32.5
-14.255189 -1.5100975 2.7625053 8
-4.8376212 -1.410792 2.5838518 18.5
-4.0703864 -1.5840445 2.6017964 17
-3.9120009 -1.5786269 2.5123367 22
-3.3254375 -1.5207475 2.4947701 40.799999
-3.0354865 -1.571221 2.5953119 39.333336
-2.8810549 -1.5795125 2.5520601 44.5
-2.6609325 -1.570065 2.5333452 51.777775
-2.4652534 -1.5591751 2.5119376 63.5
-2.2607629 -1.5526417 2.5597551 48.833336
-2.0683234 -1.5445552 2.5355635 49.416664
-1.9110569 -1.5296725 2.4736593 49
-14.339065 -1.2962697 2.7736552 6
-4.8615294 -1.256296 2.57445 24
-4.1201429 -1.3162074 2.5763359 17.666666
-3.3114159 -1.2928437 2.5613813 20.875
-4.8555446 -1.164055 2.4781098 39
-3.2467923 -1.179693 2.5629649 12
-14.496249 -0.95149821 2.7971306 6
-3.4859192 -0.60780525 2.4715383 15
-4.1797676 -0.51905048 2.5058892 9
-4.120204 -0.56358683 2.4742212 12
-2.802459 -0.56015891 2.461031 12
0.6286245 2.5534947 2.3930142 46
0.64078665 2.5113103 2.500829 35.5
0.15757428 2.707787 2.4256227 79
0.15171881 2.9368258 2.4264157 41
0.65360105 3.0056038 2.4148448 36
0.19261271 3.114182 2.4603698 106.5
0.28396603 3.1420126 2.5431063 40.333332
0.59149611 3.1825407 2.5446603 19.5
0.66200435 3.1224833 2.5640645 23.5
0.16365248 3.3197939 2.4127464 34.833336
0.53533536 3.3078842 2.4830346 116.5
0.10718852 3.5067847 2.4150133 70.875
0.4480648 3.4662895 2.5323904 41.5
0.092915803 3.7776988 2.4031351 33
0.40803868 3.7074142 2.4251218 15.5
0.02243666 4.0215859 2.4070351 8
0.12308959 4.0794368 2.4412265 26.5
0.28126556 4.2105756 2.5216017 8
0.15618135 4.2261972 2.4643202 29.833334
0.021414367 4.4803252 2.3871455 33
0.13047704 4.4599056 2.3751969 160
0.11581724 4.7531915 2.3890109 43.5
0.01878194 5.0936909 2.3987043 32
0.080881767 5.0781345 2.390542 47
-14.645058 5.3871651 2.5820618 7
0.073608696 5.3793311 2.3762088 77
-14.648993 5.5940042 2.5927079 5
0.015335925 5.8081889 2.3928988 27
0.087367758 5.87081 2.4178836 10
-0.13006601 6.2119412 2.3890495 11
-0.25107029 6.3877559 2.4602821 14
-0.65318835 6.7450109 2.421797 14
-0.52337331 6.6832094 2.3936374 7.5
-0.41252926 6.8916845 2.4633327 27
-0.28573895 6.8995771 2.4618204 18
-0.075333349 6.9881916 2.4881635 31.333334
0.13884577 7.0037522 2.4905424 32
0.31021896 6.9967608 2.4872789 24
0.47939876 6.9587893 2.4744804 14
-1.2101288 7.2449317 2.4313858 7
-1.1612362 7.2243199 2.4212542 5
-3.2538185 7.6114821 2.5502648 9
-1.6290832 7.4772458 2.5398285 9.5
-3.0384259 7.6198192 2.5238585 13
-2.834249 7.648169 2.5060513 10
-8.0473299 7.9522338 2.6586652 7.5
-7.6743283 7.9654841 2.5951469 10
-7.4242716 7.9961915 2.5569386 7
-7.2362623 7.9882512 2.523731 8
-7.036047 7.9615774 2.4857662 6
-6.8750839 7.9747181 2.4613085 7
-6.250813 8.0013971 2.6357956 13
-6.0466399 8.0408812 2.6087775 14
-5.8323069 8.0611887 2.5770159 14
-5.6885014 8.069314 2.555115 24
-5.4855742 8.0937195 2.5275779 14
-5.28513 8.1163721 2.500829 11
-5.0641632 8.0989275 2.4634845 13.5
-4.4550681 8.0391045 2.6010971 12.5
-4.2222285 8.0808554 2.5765448 16.5
-4.0433898 8.0986662 2.5551968 11
-3.8605118 8.1017685 2.5306199 18
-3.675118 8.0934715 2.5036299 13
-3.5067172 8.1160336 2.4875538 12.5
-3.2799134 8.1335335 2.463897 11.5
-3.0459239 8.1222801 2.4335194 11.5
-2.8232193 8.1299753 2.4107876 14.5
-2.6593206 8.1383419 2.3956656 14
-2.2916317 8.116868 2.5804911 18
-2.0753379 8.1062813 2.5566802 22.5
-1.8399615 8.1123543 2.5378118 14
-1.6311308 8.1089334 2.5199635 12
-1.4596723 8.1582823 2.5221093 17
-1.2589365 8.1892109 2.5180428 13
-1.0539505 8.1876888 2.5055444 12
-0.84774756 -11.503196 2.7123063 10
-13.111672 -1.70983 2.89713 8.5
-4.8041558 -1.6456567 2.7661123 11
-4.5282888 -1.6343228 2.6959 17
-4.2817149 -1.6052947 2.7246606 18
-3.0213802 -1.5904902 2.8154864 23
-13.105603 -1.5043066 2.8895285 8
-4.8248539 -1.4109401 2.8153982 9
-4.364224 -1.5748034 2.7647486 12
-3.2531369 -1.5291682 2.731257 17.833334
-3.1123233 -1.5830761 2.7138059 54
-2.8652735 -1.5746478 2.7569704 33.75
-2.6546657 -1.5664626 2.7356641 30
-2.4578829 -1.5568018 2.7180617 25.5
-2.3099933 -1.5414449 2.7305195 33.833332
-2.1549461 -1.5347033 2.6768868 26
-13.120349 -1.34258 2.8882596 9
-4.8642068 -1.3364971 2.746933 12.5
-3.3967783 -1.3222954 2.8343604 14
-13.125971 -1.0580266 2.8825941 9.5
-13.110737 -0.8539685 2.8750699 11
-14.578384 1.5616161 2.8080909 14
-13.117789 1.7401497 2.8796523 8
-14.597747 1.8823988 2.8166873 9
-14.586888 2.2011685 2.8206625 8
-14.581933 2.2922428 2.821672 11
-14.583496 2.6616659 2.8308876 8
-14.457942 2.9151618 2.8142374 6
0.67074621 2.8799627 2.6351721 26.5
-14.3707 3.1747384 2.8058031 7
0.37537903 3.1499419 2.6140313 28
0.51419145 3.159368 2.6350467 70.5
0.65492821 3.0716467 2.6589322 20.5
-14.349975 3.3558009 2.8080232 6
0.57337511 3.2892301 2.6879928 45.5
0.42602736 3.6053832 2.6949146 37
0.44954845 3.4662168 2.7534721 21
0.41942412 3.6848361 2.6901879 17.5
-14.514092 3.8685265 2.857991 4
-14.602341 4.7715864 2.9149044 4
-14.684746 5.4058032 2.9633944 6
-0.46662831 6.6671791 2.5761113 9
-0.39594403 6.8656015 2.6495948 10
-0.017260425 6.9890542 2.6865947 12.5
0.15406431 7.0018468 2.6893718 15
0.32553792 6.9973693 2.6871297 20.5
0.4929893 6.9374971 2.6651671 14.5
-5.1319003 7.7340817 2.6388416 6
-8.2547398 7.8621726 2.6819735 8
-7.4327321 7.9913416 2.8480351 5
-6.658165 8.0030346 2.707696 13
-6.4112782 8.0021696 2.6638265 14
-2.8505256 7.9915376 2.6055129 10
-5.8008747 8.0800505 2.834295 9
-4.8563409 8.0491619 2.6662507 15
-4.650773 8.0398502 2.6313913 12
-4.0964727 8.0958385 2.8059216 9.5
-3.939209 8.0909739 2.7805648 11
-3.6671786 8.0271778 2.7230892 9
-3.5589273 8.0502052 2.7140491 13
-2.7828186 8.1149616 2.6327591 8
-2.6193366 8.1221113 2.616385 20
-2.4559383 8.1245203 2.5994489 23
-2.228364 8.0626078 2.7847848 5
-1.8552357 8.0416212 2.7413898 9
-1.6147922 8.1294546 2.7489326 13
-1.5152746 8.1500721 2.7477169 10
-1.2149632 8.2027102 2.7434599 7
-1.0598847 8.1917677 2.7303281 9.5
-0.85625428 8.1907768 2.7188346 17.5
-0.65661126 8.2268476 2.721355 6.5
-0.83524895 -11.593461 3.04252 9
-3.3366535 -1.5942583 2.8754935 17
-3.5900881 -1.5539789 3.0433643 29
-3.449749 -1.5107661 2.9296644 25.666666
-3.2425506 -1.5796897 2.9757736 21.5
-3.0724242 -1.57822 2.9138248 24.75
-2.8320072 -1.5552582 3.0215847 28.833332
-2.6784017 -1.558965 2.8969278 24.166668
-2.4755993 -1.5390077 2.9536493 17.666666
-3.2381818 -1.3126419 2.8823309 10
-3.0596967 -1.325038 2.8763356 19
-14.531056 1.3839819 3.1810396 6
-14.508333 1.5622114 3.178746 7
0.67492563 2.8569016 2.837311 14
0.66440618 3.1083999 2.835851 14.5
0.56248492 3.321362 2.9431171 24.4
0.43018928 3.6646094 2.9089153 7
-0.41015702 6.989223 2.8940554 13
-0.28147483 6.9897585 2.8895016 21.5
-0.11016105 6.9886489 2.8841546 19.5
0.1894221 6.9902325 2.8804488 23
0.31821382 6.9954209 2.8824565 34
0.44677073 6.9920411 2.8818016 15
-8.2549887 7.944983 2.9997644 8
-7.9751616 7.9644561 2.9477639 6
-7.7965746 7.9798999 2.9156725 11
-7.531271 7.9981594 2.8679707 12
-6.8607006 8.0040083 3.0186577 7
-6.370698 8.0118132 2.9249074 9
-6.7141042 8.0305767 2.9952843 12
-6.5387573 8.0189781 2.9587011 8
-6.2208853 8.0237713 2.8991284 6
-6.0891294 8.0562725 2.8816249 5
-5.9415641 8.0650692 2.8564374 10
-5.3849154 8.0744781 3.0211792 8
-5.2450767 8.0780277 2.9961729 10
-5.0079417 8.0881872 2.9558883 10
-4.8320522 8.0787268 2.9224799 13
-4.636116 8.0852251 2.890614 10
-4.4455771 8.0952797 2.8614585 6
-4.3096919 8.0814667 2.8357191 8
-3.6497014 8.1071653 2.9836528 15
-3.4174712 8.1180315 2.9521191 15
-3.2468481 8.1281328 2.9306962 11
-3.0797746 8.1414213 2.9118521 9.5
-2.8531747 8.1403799 2.8818953 10.5
-2.6298707 8.137681 2.8535855 13.5
-2.4638577 8.1325254 2.8326297 9
-2.3514295 8.1189089 2.8158259 13
-2.0932274 8.1552191 2.800487 11.5
-1.0012689 8.2292347 2.9682786 10
-3.7078424 -1.550614 3.1272628 24
-3.4170718 -1.5197171 3.1566918 35.25
-3.2594733 -1.557884 3.1183619 40.666668
-3.0868771 -1.5003221 3.1408076 21.5
-2.833004 -1.4953442 3.1547089 37.25
-2.6734776 -1.5263509 3.1214869 22
-14.587985 2.2097559 3.2093461 7
-14.581016 2.3005607 3.2101519 6
-14.579819 2.5770249 3.2176266 5
-14.575375 2.668819 3.2194626 6
-14.539823 2.8476496 3.2175825 9
0.67369574 3.1275842 3.0054181 11
-14.452826 3.2952008 3.2153053 7
0.54545742 3.3350651 3.0891924 31.5
0.64639157 3.3146334 3.0842743 21
-14.510108 3.6860681 3.243983 7
-14.605821 3.950506 3.2764959 5
-14.630614 4.2972221 3.2989526 7
-14.62011 4.5395265 3.309679 5
-14.645956 4.9457803 3.3383238 9
-14.645659 5.1978149 3.353641 7
-14.658557 5.508965 3.3763211 12
-0.24484316 6.9767399 3.093106 10
-0.074242674 7.0043206 3.1005192 11
0.18238489 6.9811049 3.0867074 9
0.35434508 6.9956503 3.0933495 13.666667
-7.9393997 7.9879265 3.2381902 6
-7.6549354 7.9904766 3.1784294 6.5
-7.369585 7.9825659 3.1173582 11
-7.2024956 7.9964995 3.0859029 8
-7.0431614 8.0154781 3.0575109 7
-6.5833826 8.0342817 3.2504334 12
-6.4136257 8.0263271 3.2129779 7
-6.2485876 8.0199308 3.1773498 10
-6.0979619 8.0281687 3.1486268 13
-5.8687425 8.0290098 3.1030533 9
-5.6677566 8.0622149 3.0718546 8
-5.4625835 8.0829372 3.0378637 9
-4.9820952 8.0919237 3.2102108 7
-4.831583 8.0676613 3.1747856 12
-4.7038598 8.0777674 3.1538162 17
-4.4425206 8.0782499 3.1066511 13
-4.250524 8.0781755 3.0730472 11.5
-4.0709877 8.0955153 3.0476396 12
-3.8894818 8.1025867 3.0200326 12.5
-3.4595966 8.1114292 3.2007713 12
-3.2961247 8.1399775 3.1847894 17
-3.0574317 8.1174793 3.141881 23
-2.8366051 8.1308374 3.1154282 25.5
-2.6157594 8.1342087 3.0874918 20.5
-2.4522877 8.136961 3.0680637 19
-2.2907197 8.1397171 3.0500293 17.5
-2.0849366 8.1722383 3.0385451 19
-1.8781389 8.195405 3.0255604 12
-1.6651281 8.1824789 3.0012405 16.5
-1.4600461 8.1987858 2.9896836 10.5
-1.3062319 8.2066326 2.9806128 24
-1.2048132 8.2169809 2.9770589 14
-1.103719 8.2288694 2.9745255 12
-14.427099 -2.8123188 3.5912061 7
-14.426353 -2.628197 3.5821624 6
-14.448173 -2.4487369 3.5792668 5
-14.350539 -2.07006 3.5401158 8
-14.318269 -1.8857325 3.5254891 7
-14.282685 -1.7024034 3.5105975 6
-14.28681 -1.4358042 3.5034056 5
-14.319066 -1.2611393 3.5064857 8
-14.441216 -1.0928376 3.5320797 11
-14.51354 -0.82902318 3.5441716 5
-14.527777 1.231104 3.5423176 10
-14.541664 1.5032148 3.5499597 8
-14.538767 1.6840583 3.5527275 6
-14.60225 2.056906 3.5768175 6
-14.598239 2.2399468 3.5808961 5
-14.586186 2.4222398 3.5835252 5
-14.445758 3.043437 3.5725634 4
0.67769116 3.213167 3.1791146 14
-14.40029 3.4060922 3.5777502 5
0.54009104 3.3410563 3.2818277 16.4
0.65120482 3.2845259 3.2432115 19
0.47021866 3.5552375 3.208921 9.5
0.43894723 3.6658058 3.2317069 9
0.46102065 3.6525629 3.3707256 7
-14.646503 5.6074762 3.3804111 7
-0.40107286 6.9582577 3.294606 12
-0.27438211 6.9945412 3.3066692 9.5
-0.14568576 6.9863091 3.2985988 9
0.32529277 6.9959545 3.2978806 10.5
0.49920407 7.0258079 3.3138504 15
-8.287941 7.9385004 3.3041334 9
-8.1304979 7.9815936 3.2780759 8
-7.5567212 7.9471893 3.4448955 8
-7.4004707 7.9769883 3.4159751 9
-7.227355 7.9850531 3.378974 11
-7.0652723 8.0015078 3.3468003 8
-6.9144731 8.0274706 3.3197474 12
-6.7499948 8.0341358 3.2858248 9
-6.1850567 8.0309887 3.4424868 7
-6.0364466 8.0398769 3.4123173 7.5
-5.8167043 8.052598 3.3683841 13
-5.682826 8.0743856 3.3459907 10
-5.4821439 8.1021719 3.3121111 7.5
-5.2859998 8.1313105 3.2805161 5
-5.1379724 8.1200819 3.2482371 7
-4.6212587 8.07477 3.3962014 16.5
-4.4224367 8.0690193 3.3558204 14
-4.2292757 8.0652866 3.3184128 16.5
-4.0465074 8.0752544 3.2882526 20
-3.8637111 8.0782585 3.2571046 16
-3.6322381 8.099349 3.2248216 16
-3.0328574 8.1108332 3.3841767 8.5
-2.8615522 8.1044426 3.3560269 9
-2.6905789 8.091032 3.3266416 11
-2.4761636 8.1050148 3.3026938 18
-2.272078 8.1474867 3.2926116 8.5
-2.0629523 8.1662493 3.2751021 17
-1.8577132 8.194644 3.2636197 9
-1.6447513 8.180438 3.2372899 12.5
-1.4397813 8.1960735 3.2249684 11
-1.2858613 8.2019281 3.2147064 13
-1.1051719 8.1939487 3.1984787 10.5
-0.98110855 8.223176 3.2014763 11
-0.82872993 8.2289333 3.1947055 9
-0.67636788 8.2303123 3.1872282 5
-14.498013 3.8083839 3.6209097 9
-14.664575 4.535634 3.7016592 6
-14.62396 5.020926 3.7238734 7
-14.642648 5.4337282 3.7575924 5
-14.513513 5.7959685 3.7557859 7
0.57771409 6.3787727 3.4090598 18
-0.38249508 6.9647298 3.5212259 8
-0.23417972 7.0013671 3.5337358 7.5
-0.084216923 7.0004158 3.528862 5.5
0.36498654 6.9859672 3.5181911 7
0.51112145 6.9332552 3.4935796 8
-8.0712337 7.8844519 3.5510285 11
-7.893229 7.9025536 3.5130186 7
-7.7286615 7.9304447 3.4807475 9
-6.7613797 7.9396377 3.5501652 5
-6.6219864 7.9721107 3.5260441 6.5
-6.4065127 8.0087948 3.4861777 7
-5.6983147 8.0145378 3.6066046 11
-5.6432247 8.041214 3.6019156 12
-5.4767938 8.1179705 3.587508 13
-5.2542696 8.1067228 3.5358884 6
-5.0317512 8.0855045 3.4826152 10
-4.8167939 8.0683327 3.4331856 8
-3.7739601 8.0670099 3.4933887 15
-3.6530595 8.064991 3.4708633 11
-3.4848807 8.0862665 3.4489965 9.5
-3.2577515 8.1005917 3.4161029 11.5
-2.5541759 8.1479721 3.5690875 11
-2.066057 8.1397371 3.5017018 15.5
-1.8702747 8.206728 3.506099 11.5
-1.6566596 8.1912279 3.4773595 15.5
-1.4483835 8.1902075 3.4571438 15
-1.2445042 8.2053356 3.4460113 13.5
-1.0911202 8.209156 3.4358549 22
-0.78627205 8.2179928 3.4198263 19
-0.63394701 8.2152433 3.4106898 6
-0.99031538 8.2206955 3.4335775 21
-0.88920021 8.2291594 3.430537 19
-14.371962 -3.4706743 4.0095234 10
-14.420607 -3.2015893 4.0052891 9
-14.433507 -3.1112809 4.0032492 6
-14.416001 -2.9221187 3.9876134 8
-14.410266 -2.7365665 3.975878 12
-14.425915 -2.555815 3.9706628 4
-14.351082 -2.0889812 3.9289348 6
-14.333171 -1.9962879 3.9202535 6
-14.310887 -1.8137512 3.9070611 5
-14.497783 1.2110423 3.9237251 10
-14.516685 1.3928461 3.9319172 7
-14.523716 1.5742556 3.9374671 6
-14.493979 1.7518785 3.9336007 13
-14.505011 2.0712798 3.9453881 8.5
-14.505346 2.3912923 3.9560292 5
-14.502001 2.6667497 3.9656222 8
-14.446813 2.9333246 3.9623938 8
-14.375218 3.5700011 3.9754837 7
-0.26695439 6.9965076 3.7445214 8.5
-0.095589444 6.9961028 3.7387347 8.5
0.29149219 7.0383019 3.7570841 7
-6.0718188 8.0071278 3.6908815 12
-6.4807897 8.0220432 3.7933049 5
-5.0798917 8.0963001 3.7703583 9
-4.8808446 8.1066847 3.7296731 8.5
-4.6955767 8.1347284 3.6989458 14
-3.433393 8.2168512 3.7374568 10
-2.9957323 8.1349363 3.6312735 8
-2.034656 8.1987591 3.7766254 9
-1.8780982 8.210741 3.7628188 8.5
-1.6684382 8.2154131 3.7413073 12
-1.4294645 8.1907005 3.706387 12.5
-1.2510009 8.2029285 3.6957591 9
-0.64000142 8.2042551 3.6543567 11.5
-0.48850912 8.2039089 3.6468532 10
-1.0488896 8.2252092 3.6894641 10.5
-0.84561884 8.233408 3.6791196 12.5
-14.45019 3.7780745 4.0071073 6
-14.560397 3.9990118 4.0493126 8
-14.632078 4.2130761 4.0815992 5
-0.39759073 7.030458 3.7684002 6
0.37843239 7.0507021 3.7643673 12
0.46414873 7.038271 3.7589147 7
-6.9568906 7.9897447 3.9034336 8
-5.6454172 8.086318 3.8989663 7
-5.4457984 8.1149721 3.8605468 8
-4.9706922 8.1202936 4.0227032 6
-4.8455033 8.1386585 3.9998872 14
-4.3411732 8.1806593 3.9025421 9
-1.2368476 8.2137241 3.9428213 15
-0.87945926 8.2200909 3.9175518 8
-3.9205711 8.2230253 3.8315818 10
-2.9897547 8.2549763 3.9424136 9
-2.9367452 8.2666349 3.9383056 7
-1.3941278 8.2283001 3.9642532 8
-1.0349673 8.2389536 3.9378526 15
-0.77861834 8.2291546 3.9151962 15
-0.62836629 8.2546692 3.9185395 10.5
-14.389422 -2.4054048 4.3354955 8
-14.279552 -2.0266755 4.284718 5
-14.252293 -1.8439327 4.2687025 6
-14.314483 -1.2272893 4.2648816 5
-14.410004 -1.0567425 4.2883511 6
-0.21784261 7.0156093 4.0003924 5
-0.088723153 6.9899721 3.9816549 9
0.38272479 7.0056052 3.987361 9
0.4664602 6.9724817 3.9698133 9
-8.2531815 8.0744572 4.269886 8
-5.846859 8.0851564 4.2297692 10
-5.6367311 8.0523491 4.1639686 10
-5.4468927 8.094492 4.1300225 6
-5.1773138 8.1179686 4.0713987 5
-5.0392203 8.1197996 4.0387998 7
-2.9587204 8.2168655 4.1780124 12
-2.0725091 8.2014608 4.0310168 14
-1.8615335 8.2090359 4.0071826 8.5
-1.7058182 8.2205973 3.993856 19
-3.9072731 8.2443352 4.1131649 8.5
-2.5227427 8.2558985 4.121788 8
-1.6024948 8.228323 3.9858446 12
-1.49957 8.2365227 3.9787018 16
-0.24038565 7.00775 4.2149062 7.5
-0.09025339 7.0050516 4.2080889 13
-0.34905702 7.0346785 4.2358465 8
-5.386189 8.0991182 4.4114242 9
-5.254066 8.1149225 4.3823299 7
-5.0462117 8.1175508 4.3296256 7.5
-4.836185 8.1095324 4.2736597 10
-4.6454072 8.1261387 4.2334509 6
-3.3980112 8.1570702 4.2356963 8
-2.1952238 8.1530981 4.2984314 5
-2.0140786 8.1749868 4.2827234 10.5
-1.888916 8.2063293 4.2809935 5
-1.416356 8.1963453 4.2197804 7.5
-1.2094703 8.1913424 4.1967797 9
-0.8049264 8.2198124 4.1785293 11.5
-3.9306648 8.2672234 4.3968248 12
-1.7902491 8.238348 4.2839723 7
-1.6307783 8.2302084 4.2605247 7.5
-1.0609702 8.2289448 4.2024384 8
-0.60259068 8.2261086 4.1692181 6
-0.2612879 6.979816 4.465373 7.5
-0.090618126 6.9928517 4.4674907 10.5
0.38093275 7.0106587 4.4756265 11
0.55467713 7.0310092 4.4926286 8
-5.9805388 8.0995827 4.5756507 5
-5.7566442 8.1048346 4.5144839 8
-5.6745901 8.0941763 4.4878926 6
-5.4640956 8.1078186 4.4355011 8
-5.0001612 8.1318254 4.6048374 7.5
-4.6362381 8.144413 4.5145016 6
-4.4415951 8.1481152 4.4671111 8
-4.332304 8.1852751 4.4558234 10
-2.2673142 8.1634483 4.5723009 7.5
-2.1120231 8.1855917 4.5589828 6
-1.8264114 8.2135572 4.5320773 7.5
-1.6421225 8.2120333 4.507256 11
-1.4298834 8.1894531 4.4702158 10.5
-1.2243901 8.1927528 4.4503164 13.5
-1.0209464 8.2009296 4.4359097 9.5
-0.86980951 8.2152777 4.4312859 13
-2.5564063 8.270422 4.4133568 5
-2.4467082 8.2737608 4.3967171 7
-0.76964307 8.2304945 4.4321599 9
-0.61785996 8.2363749 4.4256639 7
-0.1679354 7.0211496 4.7169867 10
-0.039150797 7.0162044 4.7099175 9
0.56124634 7.0026608 4.7032938 10
-7.9495549 8.0882988 4.8382163 9
-7.8807259 8.1175537 4.8254476 10
-5.8036518 8.0956659 4.8184676 6
-5.2201519 8.0942154 4.6499605 10
-4.6584964 8.1231985 4.8150859 7
-4.1987038 8.1101923 4.6881475 6
-4.0747824 8.1758204 4.6867051 7
-3.3460913 8.1998558 4.8004155 6
-3.2326591 8.2084398 4.7796545 5
-2.6095417 8.211132 4.6561723 7.5
-2.3785038 8.1740751 4.5962672 6
-1.0288486 8.202755 4.7297468 6
-0.6052227 8.1887636 4.6893725 7.5
-3.0139389 8.2405949 4.7496233 8
-2.9056456 8.2572269 4.736052 14
-2.7270939 8.2304554 4.68782 7
-5.0723433 2.1410618 5.0108972 7
-1.9671068 4.9834046 4.9907203 6
-1.9786557 5.5893927 4.9741182 9
-1.8712904 5.6125236 4.9602094 8
-1.864096 6.3354053 4.9802842 8
-1.1602399 6.3040032 4.8174214 6
-1.0322896 6.3321061 4.8188672 11
-0.8349427 6.387219 4.8334861 10
-1.8880914 7.0224347 4.9223671 6
-0.0016452372 6.9540548 4.9594879 6
-6.428556 8.0950384 5.0100894 7
-5.0707231 8.1322851 4.9349785 5
-4.2803183 8.1091776 4.9884906 9
-4.0776844 8.1445646 4.951272 6
-3.8758893 8.1758823 4.9145656 8
-3.6397154 8.1909628 4.86409 6
-3.4611726 8.1929455 4.8231006 8
-1.8135008 8.199357 4.8202906 7.5
-1.5765352 8.1932354 4.7843766 7
-5.5015693 2.1563077 5.0753403 6
-5.5289021 2.3671234 5.1629119 8
-5.5136147 2.2402108 5.1105161 10
-0.17253609 6.9891968 4.9898934 4
-0.086902194 6.9754062 4.9770136 10
-5.5136747 8.1569586 5.0771236 12
-4.8120527 8.1229811 5.1459026 8
-1.9993192 8.1895952 5.1058817 5.5
-1.8804934 8.135519 5.0549917 6
-1.6761268 8.157546 5.0373678 6
-1.4537731 8.16889 5.0143347 6
-1.2679352 8.1870337 5.002727 8
-1.1192622 8.2230148 5.0082216 5
-1.018255 8.2338791 5.0048966 7.5
-0.81439948 8.2368631 4.9889455 5.5
-0.58896738 8.2800713 4.9987745 9.5
-0.88964522 6.2609229 5.274055 8.5
-0.33058771 6.9648008 5.2204099 10
-0.22398019 6.9639101 5.2143569 9
-0.032378353 6.9445267 5.1928806 9
-6.5389533 -0.4185628 5.6676569 9
-4.9144845 4.3628869 5.5991082 6
-1.6227123 8.2038383 5.6512055 9
-1.7877686 8.2398434 5.7012472 8
-1.5257666 8.2428474 5.6625643 8
-1.4288448 8.2850418 5.6770048 8.5
-1.2023053 8.3359728 5.681942 8
-1.0679886 8.3025665 5.6444359 10
-0.78026223 8.2520227 5.5828629 7.5
-0.60470724 8.2847481 5.5911622 10
0.017380685 7.0007157 5.816061 9
-0.85969406 8.2313175 5.9250298 6
-1.9332545 7.9981489 6.2009172 6
-8.4933147 8.0591707 6.446187 6
